material_id,material_name,unit,forecast_date,predicted_demand,forecast_method,confidence_low,confidence_high,volatility_score,growth_rate,anomaly_flag,forecast_accuracy,seasonality_multiplier,base_demand_source
M01,Kraft Paper - Grade A (180 GSM),rolls,2024-01-02,49.36566625803005,exp_smoothing,0.0,160.65257078553446,68.14206256526727,0.22007662835249023,False,1.0678879089897881,0.78,transaction_usage
M01,Kraft Paper - Grade A (180 GSM),rolls,2024-01-03,49.537326028144996,exp_smoothing,0.0,160.82423055564942,68.14206256526727,0.22007662835249023,False,1.0678879089897881,0.78,transaction_usage
M01,Kraft Paper - Grade A (180 GSM),rolls,2024-01-04,49.70898579825994,exp_smoothing,0.0,160.99589032576435,68.14206256526727,0.22007662835249023,False,1.0678879089897881,0.78,transaction_usage
M01,Kraft Paper - Grade A (180 GSM),rolls,2024-01-05,49.88064556837488,exp_smoothing,0.0,161.1675500958793,68.14206256526727,0.22007662835249023,False,1.0678879089897881,0.78,transaction_usage
M01,Kraft Paper - Grade A (180 GSM),rolls,2024-01-06,50.05230533848982,exp_smoothing,0.0,161.33920986599423,68.14206256526727,0.22007662835249023,False,1.0678879089897881,0.78,transaction_usage
M01,Kraft Paper - Grade A (180 GSM),rolls,2024-01-07,50.223965108604766,exp_smoothing,0.0,161.5108696361092,68.14206256526727,0.22007662835249023,False,1.0678879089897881,0.78,transaction_usage
M01,Kraft Paper - Grade A (180 GSM),rolls,2024-01-08,50.395624878719715,exp_smoothing,0.0,161.68252940622415,68.14206256526727,0.22007662835249023,False,1.0678879089897881,0.78,transaction_usage
M01,Kraft Paper - Grade A (180 GSM),rolls,2024-01-09,50.56728464883466,exp_smoothing,0.0,161.85418917633908,68.14206256526727,0.22007662835249023,False,1.0678879089897881,0.78,transaction_usage
M01,Kraft Paper - Grade A (180 GSM),rolls,2024-01-10,50.73894441894959,exp_smoothing,0.0,162.025848946454,68.14206256526727,0.22007662835249023,False,1.0678879089897881,0.78,transaction_usage
M01,Kraft Paper - Grade A (180 GSM),rolls,2024-01-11,50.910604189064536,exp_smoothing,0.0,162.19750871656896,68.14206256526727,0.22007662835249023,False,1.0678879089897881,0.78,transaction_usage
M01,Kraft Paper - Grade A (180 GSM),rolls,2024-01-12,51.08226395917948,exp_smoothing,0.0,162.3691684866839,68.14206256526727,0.22007662835249023,False,1.0678879089897881,0.78,transaction_usage
M01,Kraft Paper - Grade A (180 GSM),rolls,2024-01-13,51.25392372929443,exp_smoothing,0.0,162.54082825679885,68.14206256526727,0.22007662835249023,False,1.0678879089897881,0.78,transaction_usage
M01,Kraft Paper - Grade A (180 GSM),rolls,2024-01-14,51.42558349940936,exp_smoothing,0.0,162.71248802691377,68.14206256526727,0.22007662835249023,False,1.0678879089897881,0.78,transaction_usage
M01,Kraft Paper - Grade A (180 GSM),rolls,2024-01-15,51.597243269524306,exp_smoothing,0.0,162.88414779702873,68.14206256526727,0.22007662835249023,False,1.0678879089897881,0.78,transaction_usage
M01,Kraft Paper - Grade A (180 GSM),rolls,2024-01-16,51.76890303963925,exp_smoothing,0.0,163.05580756714366,68.14206256526727,0.22007662835249023,False,1.0678879089897881,0.78,transaction_usage
M01,Kraft Paper - Grade A (180 GSM),rolls,2024-01-17,51.9405628097542,exp_smoothing,0.0,163.22746733725862,68.14206256526727,0.22007662835249023,False,1.0678879089897881,0.78,transaction_usage
M01,Kraft Paper - Grade A (180 GSM),rolls,2024-01-18,52.11222257986913,exp_smoothing,0.0,163.39912710737354,68.14206256526727,0.22007662835249023,False,1.0678879089897881,0.78,transaction_usage
M01,Kraft Paper - Grade A (180 GSM),rolls,2024-01-19,52.283882349984076,exp_smoothing,0.0,163.5707868774885,68.14206256526727,0.22007662835249023,False,1.0678879089897881,0.78,transaction_usage
M01,Kraft Paper - Grade A (180 GSM),rolls,2024-01-20,52.45554212009902,exp_smoothing,0.0,163.74244664760343,68.14206256526727,0.22007662835249023,False,1.0678879089897881,0.78,transaction_usage
M01,Kraft Paper - Grade A (180 GSM),rolls,2024-01-21,52.627201890213954,exp_smoothing,0.0,163.91410641771836,68.14206256526727,0.22007662835249023,False,1.0678879089897881,0.78,transaction_usage
M01,Kraft Paper - Grade A (180 GSM),rolls,2024-01-22,52.79886166032891,exp_smoothing,0.0,164.08576618783331,68.14206256526727,0.22007662835249023,False,1.0678879089897881,0.78,transaction_usage
M01,Kraft Paper - Grade A (180 GSM),rolls,2024-01-23,52.970521430443846,exp_smoothing,0.0,164.25742595794827,68.14206256526727,0.22007662835249023,False,1.0678879089897881,0.78,transaction_usage
M01,Kraft Paper - Grade A (180 GSM),rolls,2024-01-24,53.14218120055879,exp_smoothing,0.0,164.4290857280632,68.14206256526727,0.22007662835249023,False,1.0678879089897881,0.78,transaction_usage
M01,Kraft Paper - Grade A (180 GSM),rolls,2024-01-25,53.31384097067373,exp_smoothing,0.0,164.60074549817816,68.14206256526727,0.22007662835249023,False,1.0678879089897881,0.78,transaction_usage
M01,Kraft Paper - Grade A (180 GSM),rolls,2024-01-26,53.485500740788666,exp_smoothing,0.0,164.77240526829308,68.14206256526727,0.22007662835249023,False,1.0678879089897881,0.78,transaction_usage
M01,Kraft Paper - Grade A (180 GSM),rolls,2024-01-27,53.657160510903616,exp_smoothing,0.0,164.94406503840804,68.14206256526727,0.22007662835249023,False,1.0678879089897881,0.78,transaction_usage
M01,Kraft Paper - Grade A (180 GSM),rolls,2024-01-28,53.82882028101856,exp_smoothing,0.0,165.11572480852297,68.14206256526727,0.22007662835249023,False,1.0678879089897881,0.78,transaction_usage
M01,Kraft Paper - Grade A (180 GSM),rolls,2024-01-29,54.0004800511335,exp_smoothing,0.0,165.28738457863793,68.14206256526727,0.22007662835249023,False,1.0678879089897881,0.78,transaction_usage
M02,Kraft Paper - Grade B (150 GSM),rolls,2024-01-02,68.32388265572826,exp_smoothing,0.0,186.28720533483863,67.90587001721397,0.20580186097427478,False,1.6223110799931568,0.78,transaction_usage
M02,Kraft Paper - Grade B (150 GSM),rolls,2024-01-03,68.48440810728819,exp_smoothing,0.0,186.44773078639858,67.90587001721397,0.20580186097427478,False,1.6223110799931568,0.78,transaction_usage
M02,Kraft Paper - Grade B (150 GSM),rolls,2024-01-04,68.64493355884812,exp_smoothing,0.0,186.60825623795853,67.90587001721397,0.20580186097427478,False,1.6223110799931568,0.78,transaction_usage
M02,Kraft Paper - Grade B (150 GSM),rolls,2024-01-05,68.80545901040806,exp_smoothing,0.0,186.76878168951845,67.90587001721397,0.20580186097427478,False,1.6223110799931568,0.78,transaction_usage
M02,Kraft Paper - Grade B (150 GSM),rolls,2024-01-06,68.96598446196799,exp_smoothing,0.0,186.92930714107837,67.90587001721397,0.20580186097427478,False,1.6223110799931568,0.78,transaction_usage
M02,Kraft Paper - Grade B (150 GSM),rolls,2024-01-07,69.12650991352793,exp_smoothing,0.0,187.08983259263832,67.90587001721397,0.20580186097427478,False,1.6223110799931568,0.78,transaction_usage
M02,Kraft Paper - Grade B (150 GSM),rolls,2024-01-08,69.28703536508786,exp_smoothing,0.0,187.25035804419826,67.90587001721397,0.20580186097427478,False,1.6223110799931568,0.78,transaction_usage
M02,Kraft Paper - Grade B (150 GSM),rolls,2024-01-09,69.4475608166478,exp_smoothing,0.0,187.41088349575818,67.90587001721397,0.20580186097427478,False,1.6223110799931568,0.78,transaction_usage
M02,Kraft Paper - Grade B (150 GSM),rolls,2024-01-10,69.60808626820773,exp_smoothing,0.0,187.5714089473181,67.90587001721397,0.20580186097427478,False,1.6223110799931568,0.78,transaction_usage
M02,Kraft Paper - Grade B (150 GSM),rolls,2024-01-11,69.76861171976766,exp_smoothing,0.0,187.73193439887805,67.90587001721397,0.20580186097427478,False,1.6223110799931568,0.78,transaction_usage
M02,Kraft Paper - Grade B (150 GSM),rolls,2024-01-12,69.9291371713276,exp_smoothing,0.0,187.892459850438,67.90587001721397,0.20580186097427478,False,1.6223110799931568,0.78,transaction_usage
M02,Kraft Paper - Grade B (150 GSM),rolls,2024-01-13,70.08966262288753,exp_smoothing,0.0,188.05298530199792,67.90587001721397,0.20580186097427478,False,1.6223110799931568,0.78,transaction_usage
M02,Kraft Paper - Grade B (150 GSM),rolls,2024-01-14,70.25018807444746,exp_smoothing,0.0,188.21351075355784,67.90587001721397,0.20580186097427478,False,1.6223110799931568,0.78,transaction_usage
M02,Kraft Paper - Grade B (150 GSM),rolls,2024-01-15,70.4107135260074,exp_smoothing,0.0,188.3740362051178,67.90587001721397,0.20580186097427478,False,1.6223110799931568,0.78,transaction_usage
M02,Kraft Paper - Grade B (150 GSM),rolls,2024-01-16,70.57123897756733,exp_smoothing,0.0,188.53456165667774,67.90587001721397,0.20580186097427478,False,1.6223110799931568,0.78,transaction_usage
M02,Kraft Paper - Grade B (150 GSM),rolls,2024-01-17,70.73176442912727,exp_smoothing,0.0,188.69508710823766,67.90587001721397,0.20580186097427478,False,1.6223110799931568,0.78,transaction_usage
M02,Kraft Paper - Grade B (150 GSM),rolls,2024-01-18,70.89228988068722,exp_smoothing,0.0,188.8556125597976,67.90587001721397,0.20580186097427478,False,1.6223110799931568,0.78,transaction_usage
M02,Kraft Paper - Grade B (150 GSM),rolls,2024-01-19,71.05281533224714,exp_smoothing,0.0,189.01613801135753,67.90587001721397,0.20580186097427478,False,1.6223110799931568,0.78,transaction_usage
M02,Kraft Paper - Grade B (150 GSM),rolls,2024-01-20,71.21334078380707,exp_smoothing,0.0,189.17666346291747,67.90587001721397,0.20580186097427478,False,1.6223110799931568,0.78,transaction_usage
M02,Kraft Paper - Grade B (150 GSM),rolls,2024-01-21,71.373866235367,exp_smoothing,0.0,189.3371889144774,67.90587001721397,0.20580186097427478,False,1.6223110799931568,0.78,transaction_usage
M02,Kraft Paper - Grade B (150 GSM),rolls,2024-01-22,71.53439168692694,exp_smoothing,0.0,189.49771436603731,67.90587001721397,0.20580186097427478,False,1.6223110799931568,0.78,transaction_usage
M02,Kraft Paper - Grade B (150 GSM),rolls,2024-01-23,71.69491713848687,exp_smoothing,0.0,189.65823981759726,67.90587001721397,0.20580186097427478,False,1.6223110799931568,0.78,transaction_usage
M02,Kraft Paper - Grade B (150 GSM),rolls,2024-01-24,71.8554425900468,exp_smoothing,0.0,189.8187652691572,67.90587001721397,0.20580186097427478,False,1.6223110799931568,0.78,transaction_usage
M02,Kraft Paper - Grade B (150 GSM),rolls,2024-01-25,72.01596804160674,exp_smoothing,0.0,189.97929072071713,67.90587001721397,0.20580186097427478,False,1.6223110799931568,0.78,transaction_usage
M02,Kraft Paper - Grade B (150 GSM),rolls,2024-01-26,72.17649349316667,exp_smoothing,0.0,190.13981617227705,67.90587001721397,0.20580186097427478,False,1.6223110799931568,0.78,transaction_usage
M02,Kraft Paper - Grade B (150 GSM),rolls,2024-01-27,72.33701894472661,exp_smoothing,0.0,190.300341623837,67.90587001721397,0.20580186097427478,False,1.6223110799931568,0.78,transaction_usage
M02,Kraft Paper - Grade B (150 GSM),rolls,2024-01-28,72.49754439628656,exp_smoothing,0.0,190.46086707539695,67.90587001721397,0.20580186097427478,False,1.6223110799931568,0.78,transaction_usage
M02,Kraft Paper - Grade B (150 GSM),rolls,2024-01-29,72.65806984784649,exp_smoothing,0.0,190.62139252695687,67.90587001721397,0.20580186097427478,False,1.6223110799931568,0.78,transaction_usage
M03,Kraft Paper - Grade C (120 GSM),rolls,2024-01-02,60.91177412356065,exp_smoothing,0.0,178.53943582924126,70.22178600084617,1.0418199233716445,False,1.7999142583677,0.78,transaction_usage
M03,Kraft Paper - Grade C (120 GSM),rolls,2024-01-03,61.724393663790536,exp_smoothing,0.0,179.35205536947115,70.22178600084617,1.0418199233716445,False,1.7999142583677,0.78,transaction_usage
M03,Kraft Paper - Grade C (120 GSM),rolls,2024-01-04,62.53701320402041,exp_smoothing,0.0,180.164674909701,70.22178600084617,1.0418199233716445,False,1.7999142583677,0.78,transaction_usage
M03,Kraft Paper - Grade C (120 GSM),rolls,2024-01-05,63.34963274425029,exp_smoothing,0.0,180.9772944499309,70.22178600084617,1.0418199233716445,False,1.7999142583677,0.78,transaction_usage
M03,Kraft Paper - Grade C (120 GSM),rolls,2024-01-06,64.16225228448018,exp_smoothing,0.0,181.78991399016076,70.22178600084617,1.0418199233716445,False,1.7999142583677,0.78,transaction_usage
M03,Kraft Paper - Grade C (120 GSM),rolls,2024-01-07,64.97487182471006,exp_smoothing,0.0,182.60253353039064,70.22178600084617,1.0418199233716445,False,1.7999142583677,0.78,transaction_usage
M03,Kraft Paper - Grade C (120 GSM),rolls,2024-01-08,65.78749136493994,exp_smoothing,0.0,183.41515307062053,70.22178600084617,1.0418199233716445,False,1.7999142583677,0.78,transaction_usage
M03,Kraft Paper - Grade C (120 GSM),rolls,2024-01-09,66.60011090516983,exp_smoothing,0.0,184.22777261085042,70.22178600084617,1.0418199233716445,False,1.7999142583677,0.78,transaction_usage
M03,Kraft Paper - Grade C (120 GSM),rolls,2024-01-10,67.41273044539972,exp_smoothing,0.0,185.0403921510803,70.22178600084617,1.0418199233716445,False,1.7999142583677,0.78,transaction_usage
M03,Kraft Paper - Grade C (120 GSM),rolls,2024-01-11,68.22534998562959,exp_smoothing,0.0,185.8530116913102,70.22178600084617,1.0418199233716445,False,1.7999142583677,0.78,transaction_usage
M03,Kraft Paper - Grade C (120 GSM),rolls,2024-01-12,69.03796952585947,exp_smoothing,0.0,186.66563123154006,70.22178600084617,1.0418199233716445,False,1.7999142583677,0.78,transaction_usage
M03,Kraft Paper - Grade C (120 GSM),rolls,2024-01-13,69.85058906608936,exp_smoothing,0.0,187.47825077176995,70.22178600084617,1.0418199233716445,False,1.7999142583677,0.78,transaction_usage
M03,Kraft Paper - Grade C (120 GSM),rolls,2024-01-14,70.66320860631924,exp_smoothing,0.0,188.29087031199984,70.22178600084617,1.0418199233716445,False,1.7999142583677,0.78,transaction_usage
M03,Kraft Paper - Grade C (120 GSM),rolls,2024-01-15,71.47582814654912,exp_smoothing,0.0,189.1034898522297,70.22178600084617,1.0418199233716445,False,1.7999142583677,0.78,transaction_usage
M03,Kraft Paper - Grade C (120 GSM),rolls,2024-01-16,72.288447686779,exp_smoothing,0.0,189.9161093924596,70.22178600084617,1.0418199233716445,False,1.7999142583677,0.78,transaction_usage
M03,Kraft Paper - Grade C (120 GSM),rolls,2024-01-17,73.10106722700888,exp_smoothing,0.0,190.72872893268948,70.22178600084617,1.0418199233716445,False,1.7999142583677,0.78,transaction_usage
M03,Kraft Paper - Grade C (120 GSM),rolls,2024-01-18,73.91368676723877,exp_smoothing,0.0,191.54134847291937,70.22178600084617,1.0418199233716445,False,1.7999142583677,0.78,transaction_usage
M03,Kraft Paper - Grade C (120 GSM),rolls,2024-01-19,74.72630630746866,exp_smoothing,0.0,192.35396801314926,70.22178600084617,1.0418199233716445,False,1.7999142583677,0.78,transaction_usage
M03,Kraft Paper - Grade C (120 GSM),rolls,2024-01-20,75.53892584769854,exp_smoothing,0.0,193.16658755337914,70.22178600084617,1.0418199233716445,False,1.7999142583677,0.78,transaction_usage
M03,Kraft Paper - Grade C (120 GSM),rolls,2024-01-21,76.35154538792841,exp_smoothing,0.0,193.979207093609,70.22178600084617,1.0418199233716445,False,1.7999142583677,0.78,transaction_usage
M03,Kraft Paper - Grade C (120 GSM),rolls,2024-01-22,77.1641649281583,exp_smoothing,0.0,194.7918266338389,70.22178600084617,1.0418199233716445,False,1.7999142583677,0.78,transaction_usage
M03,Kraft Paper - Grade C (120 GSM),rolls,2024-01-23,77.97678446838819,exp_smoothing,0.0,195.60444617406878,70.22178600084617,1.0418199233716445,False,1.7999142583677,0.78,transaction_usage
M03,Kraft Paper - Grade C (120 GSM),rolls,2024-01-24,78.78940400861806,exp_smoothing,0.0,196.41706571429864,70.22178600084617,1.0418199233716445,False,1.7999142583677,0.78,transaction_usage
M03,Kraft Paper - Grade C (120 GSM),rolls,2024-01-25,79.60202354884795,exp_smoothing,0.0,197.22968525452853,70.22178600084617,1.0418199233716445,False,1.7999142583677,0.78,transaction_usage
M03,Kraft Paper - Grade C (120 GSM),rolls,2024-01-26,80.41464308907783,exp_smoothing,0.0,198.04230479475842,70.22178600084617,1.0418199233716445,False,1.7999142583677,0.78,transaction_usage
M03,Kraft Paper - Grade C (120 GSM),rolls,2024-01-27,81.22726262930772,exp_smoothing,0.0,198.8549243349883,70.22178600084617,1.0418199233716445,False,1.7999142583677,0.78,transaction_usage
M03,Kraft Paper - Grade C (120 GSM),rolls,2024-01-28,82.0398821695376,exp_smoothing,0.0,199.6675438752182,70.22178600084617,1.0418199233716445,False,1.7999142583677,0.78,transaction_usage
M03,Kraft Paper - Grade C (120 GSM),rolls,2024-01-29,82.85250170976748,exp_smoothing,0.0,200.4801634154481,70.22178600084617,1.0418199233716445,False,1.7999142583677,0.78,transaction_usage
M04,White Top Liner,rolls,2024-01-02,50.74925493303818,exp_smoothing,0.0,172.93590772442525,77.06127224823078,-0.09601806239737319,False,2.0289319773124705,0.78,transaction_usage
M04,White Top Liner,rolls,2024-01-03,50.67436084436824,exp_smoothing,0.0,172.8610136357553,77.06127224823078,-0.09601806239737319,False,2.0289319773124705,0.78,transaction_usage
M04,White Top Liner,rolls,2024-01-04,50.59946675569829,exp_smoothing,0.0,172.78611954708538,77.06127224823078,-0.09601806239737319,False,2.0289319773124705,0.78,transaction_usage
M04,White Top Liner,rolls,2024-01-05,50.52457266702833,exp_smoothing,0.0,172.7112254584154,77.06127224823078,-0.09601806239737319,False,2.0289319773124705,0.78,transaction_usage
M04,White Top Liner,rolls,2024-01-06,50.44967857835838,exp_smoothing,0.0,172.63633136974545,77.06127224823078,-0.09601806239737319,False,2.0289319773124705,0.78,transaction_usage
M04,White Top Liner,rolls,2024-01-07,50.37478448968844,exp_smoothing,0.0,172.5614372810755,77.06127224823078,-0.09601806239737319,False,2.0289319773124705,0.78,transaction_usage
M04,White Top Liner,rolls,2024-01-08,50.29989040101848,exp_smoothing,0.0,172.48654319240555,77.06127224823078,-0.09601806239737319,False,2.0289319773124705,0.78,transaction_usage
M04,White Top Liner,rolls,2024-01-09,50.22499631234853,exp_smoothing,0.0,172.4116491037356,77.06127224823078,-0.09601806239737319,False,2.0289319773124705,0.78,transaction_usage
M04,White Top Liner,rolls,2024-01-10,50.15010222367857,exp_smoothing,0.0,172.33675501506565,77.06127224823078,-0.09601806239737319,False,2.0289319773124705,0.78,transaction_usage
M04,White Top Liner,rolls,2024-01-11,50.07520813500863,exp_smoothing,0.0,172.2618609263957,77.06127224823078,-0.09601806239737319,False,2.0289319773124705,0.78,transaction_usage
M04,White Top Liner,rolls,2024-01-12,50.00031404633867,exp_smoothing,0.0,172.18696683772575,77.06127224823078,-0.09601806239737319,False,2.0289319773124705,0.78,transaction_usage
M04,White Top Liner,rolls,2024-01-13,49.92541995766872,exp_smoothing,0.0,172.1120727490558,77.06127224823078,-0.09601806239737319,False,2.0289319773124705,0.78,transaction_usage
M04,White Top Liner,rolls,2024-01-14,49.85052586899877,exp_smoothing,0.0,172.03717866038585,77.06127224823078,-0.09601806239737319,False,2.0289319773124705,0.78,transaction_usage
M04,White Top Liner,rolls,2024-01-15,49.77563178032882,exp_smoothing,0.0,171.96228457171588,77.06127224823078,-0.09601806239737319,False,2.0289319773124705,0.78,transaction_usage
M04,White Top Liner,rolls,2024-01-16,49.70073769165887,exp_smoothing,0.0,171.88739048304595,77.06127224823078,-0.09601806239737319,False,2.0289319773124705,0.78,transaction_usage
M04,White Top Liner,rolls,2024-01-17,49.62584360298892,exp_smoothing,0.0,171.812496394376,77.06127224823078,-0.09601806239737319,False,2.0289319773124705,0.78,transaction_usage
M04,White Top Liner,rolls,2024-01-18,49.550949514318965,exp_smoothing,0.0,171.73760230570605,77.06127224823078,-0.09601806239737319,False,2.0289319773124705,0.78,transaction_usage
M04,White Top Liner,rolls,2024-01-19,49.47605542564902,exp_smoothing,0.0,171.66270821703608,77.06127224823078,-0.09601806239737319,False,2.0289319773124705,0.78,transaction_usage
M04,White Top Liner,rolls,2024-01-20,49.401161336979065,exp_smoothing,0.0,171.58781412836615,77.06127224823078,-0.09601806239737319,False,2.0289319773124705,0.78,transaction_usage
M04,White Top Liner,rolls,2024-01-21,49.326267248309115,exp_smoothing,0.0,171.51292003969618,77.06127224823078,-0.09601806239737319,False,2.0289319773124705,0.78,transaction_usage
M04,White Top Liner,rolls,2024-01-22,49.251373159639165,exp_smoothing,0.0,171.43802595102625,77.06127224823078,-0.09601806239737319,False,2.0289319773124705,0.78,transaction_usage
M04,White Top Liner,rolls,2024-01-23,49.176479070969215,exp_smoothing,0.0,171.36313186235628,77.06127224823078,-0.09601806239737319,False,2.0289319773124705,0.78,transaction_usage
M04,White Top Liner,rolls,2024-01-24,49.10158498229926,exp_smoothing,0.0,171.28823777368632,77.06127224823078,-0.09601806239737319,False,2.0289319773124705,0.78,transaction_usage
M04,White Top Liner,rolls,2024-01-25,49.026690893629315,exp_smoothing,0.0,171.21334368501638,77.06127224823078,-0.09601806239737319,False,2.0289319773124705,0.78,transaction_usage
M04,White Top Liner,rolls,2024-01-26,48.95179680495936,exp_smoothing,0.0,171.13844959634645,77.06127224823078,-0.09601806239737319,False,2.0289319773124705,0.78,transaction_usage
M04,White Top Liner,rolls,2024-01-27,48.87690271628941,exp_smoothing,0.0,171.06355550767648,77.06127224823078,-0.09601806239737319,False,2.0289319773124705,0.78,transaction_usage
M04,White Top Liner,rolls,2024-01-28,48.80200862761946,exp_smoothing,0.0,170.98866141900652,77.06127224823078,-0.09601806239737319,False,2.0289319773124705,0.78,transaction_usage
M04,White Top Liner,rolls,2024-01-29,48.72711453894951,exp_smoothing,0.0,170.91376733033658,77.06127224823078,-0.09601806239737319,False,2.0289319773124705,0.78,transaction_usage
M05,Corrugating Medium,rolls,2024-01-02,54.08371639998773,exp_smoothing,0.0,169.36631461459405,71.36483988717225,-0.19828407224958802,False,1.8081770792215452,0.78,transaction_usage
M05,Corrugating Medium,rolls,2024-01-03,53.92905482363306,exp_smoothing,0.0,169.21165303823938,71.36483988717225,-0.19828407224958802,False,1.8081770792215452,0.78,transaction_usage
M05,Corrugating Medium,rolls,2024-01-04,53.774393247278375,exp_smoothing,0.0,169.05699146188468,71.36483988717225,-0.19828407224958802,False,1.8081770792215452,0.78,transaction_usage
M05,Corrugating Medium,rolls,2024-01-05,53.61973167092369,exp_smoothing,0.0,168.90232988553,71.36483988717225,-0.19828407224958802,False,1.8081770792215452,0.78,transaction_usage
M05,Corrugating Medium,rolls,2024-01-06,53.465070094569015,exp_smoothing,0.0,168.7476683091753,71.36483988717225,-0.19828407224958802,False,1.8081770792215452,0.78,transaction_usage
M05,Corrugating Medium,rolls,2024-01-07,53.31040851821434,exp_smoothing,0.0,168.59300673282064,71.36483988717225,-0.19828407224958802,False,1.8081770792215452,0.78,transaction_usage
M05,Corrugating Medium,rolls,2024-01-08,53.15574694185966,exp_smoothing,0.0,168.43834515646597,71.36483988717225,-0.19828407224958802,False,1.8081770792215452,0.78,transaction_usage
M05,Corrugating Medium,rolls,2024-01-09,53.00108536550498,exp_smoothing,0.0,168.2836835801113,71.36483988717225,-0.19828407224958802,False,1.8081770792215452,0.78,transaction_usage
M05,Corrugating Medium,rolls,2024-01-10,52.84642378915031,exp_smoothing,0.0,168.12902200375663,71.36483988717225,-0.19828407224958802,False,1.8081770792215452,0.78,transaction_usage
M05,Corrugating Medium,rolls,2024-01-11,52.691762212795624,exp_smoothing,0.0,167.97436042740193,71.36483988717225,-0.19828407224958802,False,1.8081770792215452,0.78,transaction_usage
M05,Corrugating Medium,rolls,2024-01-12,52.53710063644094,exp_smoothing,0.0,167.81969885104724,71.36483988717225,-0.19828407224958802,False,1.8081770792215452,0.78,transaction_usage
M05,Corrugating Medium,rolls,2024-01-13,52.38243906008627,exp_smoothing,0.0,167.66503727469257,71.36483988717225,-0.19828407224958802,False,1.8081770792215452,0.78,transaction_usage
M05,Corrugating Medium,rolls,2024-01-14,52.227777483731586,exp_smoothing,0.0,167.5103756983379,71.36483988717225,-0.19828407224958802,False,1.8081770792215452,0.78,transaction_usage
M05,Corrugating Medium,rolls,2024-01-15,52.07311590737691,exp_smoothing,0.0,167.35571412198323,71.36483988717225,-0.19828407224958802,False,1.8081770792215452,0.78,transaction_usage
M05,Corrugating Medium,rolls,2024-01-16,51.918454331022225,exp_smoothing,0.0,167.20105254562853,71.36483988717225,-0.19828407224958802,False,1.8081770792215452,0.78,transaction_usage
M05,Corrugating Medium,rolls,2024-01-17,51.763792754667556,exp_smoothing,0.0,167.04639096927386,71.36483988717225,-0.19828407224958802,False,1.8081770792215452,0.78,transaction_usage
M05,Corrugating Medium,rolls,2024-01-18,51.60913117831287,exp_smoothing,0.0,166.8917293929192,71.36483988717225,-0.19828407224958802,False,1.8081770792215452,0.78,transaction_usage
M05,Corrugating Medium,rolls,2024-01-19,51.45446960195819,exp_smoothing,0.0,166.7370678165645,71.36483988717225,-0.19828407224958802,False,1.8081770792215452,0.78,transaction_usage
M05,Corrugating Medium,rolls,2024-01-20,51.29980802560352,exp_smoothing,0.0,166.58240624020982,71.36483988717225,-0.19828407224958802,False,1.8081770792215452,0.78,transaction_usage
M05,Corrugating Medium,rolls,2024-01-21,51.14514644924884,exp_smoothing,0.0,166.42774466385515,71.36483988717225,-0.19828407224958802,False,1.8081770792215452,0.78,transaction_usage
M05,Corrugating Medium,rolls,2024-01-22,50.99048487289416,exp_smoothing,0.0,166.27308308750048,71.36483988717225,-0.19828407224958802,False,1.8081770792215452,0.78,transaction_usage
M05,Corrugating Medium,rolls,2024-01-23,50.83582329653947,exp_smoothing,0.0,166.11842151114578,71.36483988717225,-0.19828407224958802,False,1.8081770792215452,0.78,transaction_usage
M05,Corrugating Medium,rolls,2024-01-24,50.681161720184804,exp_smoothing,0.0,165.9637599347911,71.36483988717225,-0.19828407224958802,False,1.8081770792215452,0.78,transaction_usage
M05,Corrugating Medium,rolls,2024-01-25,50.52650014383012,exp_smoothing,0.0,165.80909835843642,71.36483988717225,-0.19828407224958802,False,1.8081770792215452,0.78,transaction_usage
M05,Corrugating Medium,rolls,2024-01-26,50.371838567475436,exp_smoothing,0.0,165.65443678208175,71.36483988717225,-0.19828407224958802,False,1.8081770792215452,0.78,transaction_usage
M05,Corrugating Medium,rolls,2024-01-27,50.217176991120766,exp_smoothing,0.0,165.49977520572708,71.36483988717225,-0.19828407224958802,False,1.8081770792215452,0.78,transaction_usage
M05,Corrugating Medium,rolls,2024-01-28,50.06251541476609,exp_smoothing,0.0,165.3451136293724,71.36483988717225,-0.19828407224958802,False,1.8081770792215452,0.78,transaction_usage
M05,Corrugating Medium,rolls,2024-01-29,49.907853838411405,exp_smoothing,0.0,165.1904520530177,71.36483988717225,-0.19828407224958802,False,1.8081770792215452,0.78,transaction_usage
M06,Adhesive WF-200 (Water-based),kg,2024-01-02,60.068433646014604,exp_smoothing,0.0,167.53425259266186,75.89628400009477,0.7370087575259997,False,2.0801802855091287,0.78,transaction_usage
M06,Adhesive WF-200 (Water-based),kg,2024-01-03,60.64330047688488,exp_smoothing,0.0,168.10911942353215,75.89628400009477,0.7370087575259997,False,2.0801802855091287,0.78,transaction_usage
M06,Adhesive WF-200 (Water-based),kg,2024-01-04,61.21816730775516,exp_smoothing,0.0,168.6839862544024,75.89628400009477,0.7370087575259997,False,2.0801802855091287,0.78,transaction_usage
M06,Adhesive WF-200 (Water-based),kg,2024-01-05,61.79303413862544,exp_smoothing,0.0,169.2588530852727,75.89628400009477,0.7370087575259997,False,2.0801802855091287,0.78,transaction_usage
M06,Adhesive WF-200 (Water-based),kg,2024-01-06,62.36790096949572,exp_smoothing,0.0,169.83371991614297,75.89628400009477,0.7370087575259997,False,2.0801802855091287,0.78,transaction_usage
M06,Adhesive WF-200 (Water-based),kg,2024-01-07,62.942767800366,exp_smoothing,0.0,170.40858674701326,75.89628400009477,0.7370087575259997,False,2.0801802855091287,0.78,transaction_usage
M06,Adhesive WF-200 (Water-based),kg,2024-01-08,63.51763463123629,exp_smoothing,0.0,170.98345357788355,75.89628400009477,0.7370087575259997,False,2.0801802855091287,0.78,transaction_usage
M06,Adhesive WF-200 (Water-based),kg,2024-01-09,64.09250146210657,exp_smoothing,0.0,171.55832040875384,75.89628400009477,0.7370087575259997,False,2.0801802855091287,0.78,transaction_usage
M06,Adhesive WF-200 (Water-based),kg,2024-01-10,64.66736829297685,exp_smoothing,0.0,172.1331872396241,75.89628400009477,0.7370087575259997,False,2.0801802855091287,0.78,transaction_usage
M06,Adhesive WF-200 (Water-based),kg,2024-01-11,65.24223512384712,exp_smoothing,0.0,172.70805407049437,75.89628400009477,0.7370087575259997,False,2.0801802855091287,0.78,transaction_usage
M06,Adhesive WF-200 (Water-based),kg,2024-01-12,65.8171019547174,exp_smoothing,0.0,173.28292090136466,75.89628400009477,0.7370087575259997,False,2.0801802855091287,0.78,transaction_usage
M06,Adhesive WF-200 (Water-based),kg,2024-01-13,66.39196878558768,exp_smoothing,0.0,173.85778773223495,75.89628400009477,0.7370087575259997,False,2.0801802855091287,0.78,transaction_usage
M06,Adhesive WF-200 (Water-based),kg,2024-01-14,66.96683561645796,exp_smoothing,0.0,174.43265456310522,75.89628400009477,0.7370087575259997,False,2.0801802855091287,0.78,transaction_usage
M06,Adhesive WF-200 (Water-based),kg,2024-01-15,67.54170244732825,exp_smoothing,0.0,175.0075213939755,75.89628400009477,0.7370087575259997,False,2.0801802855091287,0.78,transaction_usage
M06,Adhesive WF-200 (Water-based),kg,2024-01-16,68.11656927819853,exp_smoothing,0.0,175.58238822484577,75.89628400009477,0.7370087575259997,False,2.0801802855091287,0.78,transaction_usage
M06,Adhesive WF-200 (Water-based),kg,2024-01-17,68.6914361090688,exp_smoothing,0.0,176.15725505571606,75.89628400009477,0.7370087575259997,False,2.0801802855091287,0.78,transaction_usage
M06,Adhesive WF-200 (Water-based),kg,2024-01-18,69.26630293993908,exp_smoothing,0.0,176.73212188658636,75.89628400009477,0.7370087575259997,False,2.0801802855091287,0.78,transaction_usage
M06,Adhesive WF-200 (Water-based),kg,2024-01-19,69.84116977080936,exp_smoothing,0.0,177.30698871745662,75.89628400009477,0.7370087575259997,False,2.0801802855091287,0.78,transaction_usage
M06,Adhesive WF-200 (Water-based),kg,2024-01-20,70.41603660167964,exp_smoothing,0.0,177.88185554832688,75.89628400009477,0.7370087575259997,False,2.0801802855091287,0.78,transaction_usage
M06,Adhesive WF-200 (Water-based),kg,2024-01-21,70.99090343254991,exp_smoothing,0.0,178.45672237919717,75.89628400009477,0.7370087575259997,False,2.0801802855091287,0.78,transaction_usage
M06,Adhesive WF-200 (Water-based),kg,2024-01-22,71.56577026342019,exp_smoothing,0.0,179.03158921006747,75.89628400009477,0.7370087575259997,False,2.0801802855091287,0.78,transaction_usage
M06,Adhesive WF-200 (Water-based),kg,2024-01-23,72.14063709429048,exp_smoothing,0.0,179.60645604093776,75.89628400009477,0.7370087575259997,False,2.0801802855091287,0.78,transaction_usage
M06,Adhesive WF-200 (Water-based),kg,2024-01-24,72.71550392516075,exp_smoothing,0.0,180.181322871808,75.89628400009477,0.7370087575259997,False,2.0801802855091287,0.78,transaction_usage
M06,Adhesive WF-200 (Water-based),kg,2024-01-25,73.29037075603104,exp_smoothing,0.0,180.75618970267828,75.89628400009477,0.7370087575259997,False,2.0801802855091287,0.78,transaction_usage
M06,Adhesive WF-200 (Water-based),kg,2024-01-26,73.86523758690132,exp_smoothing,0.0,181.33105653354858,75.89628400009477,0.7370087575259997,False,2.0801802855091287,0.78,transaction_usage
M06,Adhesive WF-200 (Water-based),kg,2024-01-27,74.4401044177716,exp_smoothing,0.0,181.90592336441887,75.89628400009477,0.7370087575259997,False,2.0801802855091287,0.78,transaction_usage
M06,Adhesive WF-200 (Water-based),kg,2024-01-28,75.01497124864188,exp_smoothing,0.0,182.48079019528916,75.89628400009477,0.7370087575259997,False,2.0801802855091287,0.78,transaction_usage
M06,Adhesive WF-200 (Water-based),kg,2024-01-29,75.58983807951216,exp_smoothing,0.0,183.05565702615942,75.89628400009477,0.7370087575259997,False,2.0801802855091287,0.78,transaction_usage
M07,Adhesive PF-100 (Premium),kg,2024-01-02,56.60689994324292,exp_smoothing,0.0,166.45448806912884,69.5378750403975,0.2391297208538596,False,1.9387777458210984,0.78,transaction_usage
M07,Adhesive PF-100 (Premium),kg,2024-01-03,56.79342112550894,exp_smoothing,0.0,166.64100925139485,69.5378750403975,0.2391297208538596,False,1.9387777458210984,0.78,transaction_usage
M07,Adhesive PF-100 (Premium),kg,2024-01-04,56.97994230777495,exp_smoothing,0.0,166.82753043366085,69.5378750403975,0.2391297208538596,False,1.9387777458210984,0.78,transaction_usage
M07,Adhesive PF-100 (Premium),kg,2024-01-05,57.16646349004096,exp_smoothing,0.0,167.0140516159269,69.5378750403975,0.2391297208538596,False,1.9387777458210984,0.78,transaction_usage
M07,Adhesive PF-100 (Premium),kg,2024-01-06,57.35298467230697,exp_smoothing,0.0,167.2005727981929,69.5378750403975,0.2391297208538596,False,1.9387777458210984,0.78,transaction_usage
M07,Adhesive PF-100 (Premium),kg,2024-01-07,57.53950585457299,exp_smoothing,0.0,167.3870939804589,69.5378750403975,0.2391297208538596,False,1.9387777458210984,0.78,transaction_usage
M07,Adhesive PF-100 (Premium),kg,2024-01-08,57.726027036838985,exp_smoothing,0.0,167.5736151627249,69.5378750403975,0.2391297208538596,False,1.9387777458210984,0.78,transaction_usage
M07,Adhesive PF-100 (Premium),kg,2024-01-09,57.912548219105005,exp_smoothing,0.0,167.76013634499094,69.5378750403975,0.2391297208538596,False,1.9387777458210984,0.78,transaction_usage
M07,Adhesive PF-100 (Premium),kg,2024-01-10,58.09906940137101,exp_smoothing,0.0,167.94665752725695,69.5378750403975,0.2391297208538596,False,1.9387777458210984,0.78,transaction_usage
M07,Adhesive PF-100 (Premium),kg,2024-01-11,58.285590583637024,exp_smoothing,0.0,168.13317870952295,69.5378750403975,0.2391297208538596,False,1.9387777458210984,0.78,transaction_usage
M07,Adhesive PF-100 (Premium),kg,2024-01-12,58.47211176590303,exp_smoothing,0.0,168.31969989178896,69.5378750403975,0.2391297208538596,False,1.9387777458210984,0.78,transaction_usage
M07,Adhesive PF-100 (Premium),kg,2024-01-13,58.658632948169036,exp_smoothing,0.0,168.50622107405496,69.5378750403975,0.2391297208538596,False,1.9387777458210984,0.78,transaction_usage
M07,Adhesive PF-100 (Premium),kg,2024-01-14,58.845154130435056,exp_smoothing,0.0,168.69274225632097,69.5378750403975,0.2391297208538596,False,1.9387777458210984,0.78,transaction_usage
M07,Adhesive PF-100 (Premium),kg,2024-01-15,59.03167531270106,exp_smoothing,0.0,168.87926343858697,69.5378750403975,0.2391297208538596,False,1.9387777458210984,0.78,transaction_usage
M07,Adhesive PF-100 (Premium),kg,2024-01-16,59.218196494967074,exp_smoothing,0.0,169.06578462085298,69.5378750403975,0.2391297208538596,False,1.9387777458210984,0.78,transaction_usage
M07,Adhesive PF-100 (Premium),kg,2024-01-17,59.40471767723308,exp_smoothing,0.0,169.252305803119,69.5378750403975,0.2391297208538596,False,1.9387777458210984,0.78,transaction_usage
M07,Adhesive PF-100 (Premium),kg,2024-01-18,59.5912388594991,exp_smoothing,0.0,169.43882698538502,69.5378750403975,0.2391297208538596,False,1.9387777458210984,0.78,transaction_usage
M07,Adhesive PF-100 (Premium),kg,2024-01-19,59.777760041765106,exp_smoothing,0.0,169.62534816765103,69.5378750403975,0.2391297208538596,False,1.9387777458210984,0.78,transaction_usage
M07,Adhesive PF-100 (Premium),kg,2024-01-20,59.96428122403112,exp_smoothing,0.0,169.81186934991703,69.5378750403975,0.2391297208538596,False,1.9387777458210984,0.78,transaction_usage
M07,Adhesive PF-100 (Premium),kg,2024-01-21,60.150802406297124,exp_smoothing,0.0,169.99839053218304,69.5378750403975,0.2391297208538596,False,1.9387777458210984,0.78,transaction_usage
M07,Adhesive PF-100 (Premium),kg,2024-01-22,60.337323588563144,exp_smoothing,0.0,170.18491171444907,69.5378750403975,0.2391297208538596,False,1.9387777458210984,0.78,transaction_usage
M07,Adhesive PF-100 (Premium),kg,2024-01-23,60.52384477082915,exp_smoothing,0.0,170.37143289671508,69.5378750403975,0.2391297208538596,False,1.9387777458210984,0.78,transaction_usage
M07,Adhesive PF-100 (Premium),kg,2024-01-24,60.710365953095156,exp_smoothing,0.0,170.55795407898108,69.5378750403975,0.2391297208538596,False,1.9387777458210984,0.78,transaction_usage
M07,Adhesive PF-100 (Premium),kg,2024-01-25,60.89688713536117,exp_smoothing,0.0,170.7444752612471,69.5378750403975,0.2391297208538596,False,1.9387777458210984,0.78,transaction_usage
M07,Adhesive PF-100 (Premium),kg,2024-01-26,61.083408317627175,exp_smoothing,0.0,170.9309964435131,69.5378750403975,0.2391297208538596,False,1.9387777458210984,0.78,transaction_usage
M07,Adhesive PF-100 (Premium),kg,2024-01-27,61.269929499893195,exp_smoothing,0.0,171.1175176257791,69.5378750403975,0.2391297208538596,False,1.9387777458210984,0.78,transaction_usage
M07,Adhesive PF-100 (Premium),kg,2024-01-28,61.4564506821592,exp_smoothing,0.0,171.3040388080451,69.5378750403975,0.2391297208538596,False,1.9387777458210984,0.78,transaction_usage
M07,Adhesive PF-100 (Premium),kg,2024-01-29,61.64297186442521,exp_smoothing,0.0,171.49055999031114,69.5378750403975,0.2391297208538596,False,1.9387777458210984,0.78,transaction_usage
M08,Starch Adhesive Powder,kg,2024-01-02,74.01883513339914,exp_smoothing,0.0,205.58108263365295,74.13933958559684,3.0118910782703896,False,2.229927021437673,0.78,transaction_usage
M08,Starch Adhesive Powder,kg,2024-01-03,76.36811017445002,exp_smoothing,0.0,207.93035767470383,74.13933958559684,3.0118910782703896,False,2.229927021437673,0.78,transaction_usage
M08,Starch Adhesive Powder,kg,2024-01-04,78.71738521550094,exp_smoothing,0.0,210.27963271575476,74.13933958559684,3.0118910782703896,False,2.229927021437673,0.78,transaction_usage
M08,Starch Adhesive Powder,kg,2024-01-05,81.06666025655184,exp_smoothing,0.0,212.62890775680566,74.13933958559684,3.0118910782703896,False,2.229927021437673,0.78,transaction_usage
M08,Starch Adhesive Powder,kg,2024-01-06,83.41593529760274,exp_smoothing,0.0,214.97818279785656,74.13933958559684,3.0118910782703896,False,2.229927021437673,0.78,transaction_usage
M08,Starch Adhesive Powder,kg,2024-01-07,85.76521033865365,exp_smoothing,0.0,217.32745783890746,74.13933958559684,3.0118910782703896,False,2.229927021437673,0.78,transaction_usage
M08,Starch Adhesive Powder,kg,2024-01-08,88.11448537970455,exp_smoothing,0.0,219.67673287995837,74.13933958559684,3.0118910782703896,False,2.229927021437673,0.78,transaction_usage
M08,Starch Adhesive Powder,kg,2024-01-09,90.46376042075545,exp_smoothing,0.0,222.02600792100927,74.13933958559684,3.0118910782703896,False,2.229927021437673,0.78,transaction_usage
M08,Starch Adhesive Powder,kg,2024-01-10,92.81303546180636,exp_smoothing,0.0,224.37528296206017,74.13933958559684,3.0118910782703896,False,2.229927021437673,0.78,transaction_usage
M08,Starch Adhesive Powder,kg,2024-01-11,95.16231050285727,exp_smoothing,0.0,226.7245580031111,74.13933958559684,3.0118910782703896,False,2.229927021437673,0.78,transaction_usage
M08,Starch Adhesive Powder,kg,2024-01-12,97.51158554390817,exp_smoothing,0.0,229.07383304416197,74.13933958559684,3.0118910782703896,False,2.229927021437673,0.78,transaction_usage
M08,Starch Adhesive Powder,kg,2024-01-13,99.86086058495907,exp_smoothing,0.0,231.4231080852129,74.13933958559684,3.0118910782703896,False,2.229927021437673,0.78,transaction_usage
M08,Starch Adhesive Powder,kg,2024-01-14,102.21013562600997,exp_smoothing,0.0,233.77238312626378,74.13933958559684,3.0118910782703896,False,2.229927021437673,0.78,transaction_usage
M08,Starch Adhesive Powder,kg,2024-01-15,104.55941066706089,exp_smoothing,0.0,236.1216581673147,74.13933958559684,3.0118910782703896,False,2.229927021437673,0.78,transaction_usage
M08,Starch Adhesive Powder,kg,2024-01-16,106.90868570811179,exp_smoothing,0.0,238.4709332083656,74.13933958559684,3.0118910782703896,False,2.229927021437673,0.78,transaction_usage
M08,Starch Adhesive Powder,kg,2024-01-17,109.2579607491627,exp_smoothing,0.0,240.8202082494165,74.13933958559684,3.0118910782703896,False,2.229927021437673,0.78,transaction_usage
M08,Starch Adhesive Powder,kg,2024-01-18,111.60723579021358,exp_smoothing,0.0,243.16948329046738,74.13933958559684,3.0118910782703896,False,2.229927021437673,0.78,transaction_usage
M08,Starch Adhesive Powder,kg,2024-01-19,113.9565108312645,exp_smoothing,0.0,245.5187583315183,74.13933958559684,3.0118910782703896,False,2.229927021437673,0.78,transaction_usage
M08,Starch Adhesive Powder,kg,2024-01-20,116.3057858723154,exp_smoothing,0.0,247.86803337256922,74.13933958559684,3.0118910782703896,False,2.229927021437673,0.78,transaction_usage
M08,Starch Adhesive Powder,kg,2024-01-21,118.65506091336631,exp_smoothing,0.0,250.21730841362012,74.13933958559684,3.0118910782703896,False,2.229927021437673,0.78,transaction_usage
M08,Starch Adhesive Powder,kg,2024-01-22,121.00433595441721,exp_smoothing,0.0,252.56658345467105,74.13933958559684,3.0118910782703896,False,2.229927021437673,0.78,transaction_usage
M08,Starch Adhesive Powder,kg,2024-01-23,123.3536109954681,exp_smoothing,0.0,254.91585849572192,74.13933958559684,3.0118910782703896,False,2.229927021437673,0.78,transaction_usage
M08,Starch Adhesive Powder,kg,2024-01-24,125.70288603651902,exp_smoothing,0.0,257.26513353677285,74.13933958559684,3.0118910782703896,False,2.229927021437673,0.78,transaction_usage
M08,Starch Adhesive Powder,kg,2024-01-25,128.0521610775699,exp_smoothing,0.0,259.6144085778237,74.13933958559684,3.0118910782703896,False,2.229927021437673,0.78,transaction_usage
M08,Starch Adhesive Powder,kg,2024-01-26,130.40143611862084,exp_smoothing,0.0,261.96368361887465,74.13933958559684,3.0118910782703896,False,2.229927021437673,0.78,transaction_usage
M08,Starch Adhesive Powder,kg,2024-01-27,132.75071115967174,exp_smoothing,1.1884636594179199,264.3129586599256,74.13933958559684,3.0118910782703896,False,2.229927021437673,0.78,transaction_usage
M08,Starch Adhesive Powder,kg,2024-01-28,135.0999862007226,exp_smoothing,3.5377387004687932,266.66223370097646,74.13933958559684,3.0118910782703896,False,2.229927021437673,0.78,transaction_usage
M08,Starch Adhesive Powder,kg,2024-01-29,137.44926124177354,exp_smoothing,5.8870137415197235,269.01150874202733,74.13933958559684,3.0118910782703896,False,2.229927021437673,0.78,transaction_usage
M09,Ink - Cyan,kg,2024-01-02,133.40683464696224,trend_regression,32.26906862922644,234.54460066469804,59.86976352760222,0.8844033935413254,False,1.8857599597009218,0.78,transaction_usage
M09,Ink - Cyan,kg,2024-01-03,134.09666929392444,trend_regression,32.958903276188636,235.23443531166023,59.86976352760222,0.8844033935413254,False,1.8857599597009218,0.78,transaction_usage
M09,Ink - Cyan,kg,2024-01-04,134.7865039408867,trend_regression,33.64873792315089,235.9242699586225,59.86976352760222,0.8844033935413254,False,1.8857599597009218,0.78,transaction_usage
M09,Ink - Cyan,kg,2024-01-05,135.47633858784891,trend_regression,34.338572570113115,236.6141046055847,59.86976352760222,0.8844033935413254,False,1.8857599597009218,0.78,transaction_usage
M09,Ink - Cyan,kg,2024-01-06,136.16617323481117,trend_regression,35.02840721707537,237.30393925254697,59.86976352760222,0.8844033935413254,False,1.8857599597009218,0.78,transaction_usage
M09,Ink - Cyan,kg,2024-01-07,136.8560078817734,trend_regression,35.718241864037594,237.9937738995092,59.86976352760222,0.8844033935413254,False,1.8857599597009218,0.78,transaction_usage
M09,Ink - Cyan,kg,2024-01-08,137.54584252873562,trend_regression,36.40807651099982,238.68360854647142,59.86976352760222,0.8844033935413254,False,1.8857599597009218,0.78,transaction_usage
M09,Ink - Cyan,kg,2024-01-09,138.23567717569787,trend_regression,37.09791115796207,239.37344319343367,59.86976352760222,0.8844033935413254,False,1.8857599597009218,0.78,transaction_usage
M09,Ink - Cyan,kg,2024-01-10,138.92551182266007,trend_regression,37.78774580492427,240.06327784039587,59.86976352760222,0.8844033935413254,False,1.8857599597009218,0.78,transaction_usage
M09,Ink - Cyan,kg,2024-01-11,139.61534646962232,trend_regression,38.477580451886524,240.75311248735812,59.86976352760222,0.8844033935413254,False,1.8857599597009218,0.78,transaction_usage
M09,Ink - Cyan,kg,2024-01-12,140.30518111658455,trend_regression,39.16741509884875,241.44294713432035,59.86976352760222,0.8844033935413254,False,1.8857599597009218,0.78,transaction_usage
M09,Ink - Cyan,kg,2024-01-13,140.99501576354677,trend_regression,39.857249745810975,242.13278178128257,59.86976352760222,0.8844033935413254,False,1.8857599597009218,0.78,transaction_usage
M09,Ink - Cyan,kg,2024-01-14,141.68485041050903,trend_regression,40.54708439277323,242.82261642824483,59.86976352760222,0.8844033935413254,False,1.8857599597009218,0.78,transaction_usage
M09,Ink - Cyan,kg,2024-01-15,142.37468505747125,trend_regression,41.236919039735454,243.51245107520705,59.86976352760222,0.8844033935413254,False,1.8857599597009218,0.78,transaction_usage
M09,Ink - Cyan,kg,2024-01-16,143.0645197044335,trend_regression,41.92675368669771,244.2022857221693,59.86976352760222,0.8844033935413254,False,1.8857599597009218,0.78,transaction_usage
M09,Ink - Cyan,kg,2024-01-17,143.75435435139573,trend_regression,42.616588333659934,244.89212036913153,59.86976352760222,0.8844033935413254,False,1.8857599597009218,0.78,transaction_usage
M09,Ink - Cyan,kg,2024-01-18,144.44418899835796,trend_regression,43.30642298062216,245.58195501609376,59.86976352760222,0.8844033935413254,False,1.8857599597009218,0.78,transaction_usage
M09,Ink - Cyan,kg,2024-01-19,145.1340236453202,trend_regression,43.99625762758441,246.271789663056,59.86976352760222,0.8844033935413254,False,1.8857599597009218,0.78,transaction_usage
M09,Ink - Cyan,kg,2024-01-20,145.8238582922824,trend_regression,44.68609227454661,246.9616243100182,59.86976352760222,0.8844033935413254,False,1.8857599597009218,0.78,transaction_usage
M09,Ink - Cyan,kg,2024-01-21,146.51369293924466,trend_regression,45.375926921508864,247.65145895698046,59.86976352760222,0.8844033935413254,False,1.8857599597009218,0.78,transaction_usage
M09,Ink - Cyan,kg,2024-01-22,147.2035275862069,trend_regression,46.06576156847109,248.3412936039427,59.86976352760222,0.8844033935413254,False,1.8857599597009218,0.78,transaction_usage
M09,Ink - Cyan,kg,2024-01-23,147.89336223316914,trend_regression,46.75559621543334,249.03112825090494,59.86976352760222,0.8844033935413254,False,1.8857599597009218,0.78,transaction_usage
M09,Ink - Cyan,kg,2024-01-24,148.58319688013137,trend_regression,47.44543086239557,249.72096289786717,59.86976352760222,0.8844033935413254,False,1.8857599597009218,0.78,transaction_usage
M09,Ink - Cyan,kg,2024-01-25,149.2730315270936,trend_regression,48.135265509357794,250.4107975448294,59.86976352760222,0.8844033935413254,False,1.8857599597009218,0.78,transaction_usage
M09,Ink - Cyan,kg,2024-01-26,149.96286617405585,trend_regression,48.82510015632005,251.10063219179165,59.86976352760222,0.8844033935413254,False,1.8857599597009218,0.78,transaction_usage
M09,Ink - Cyan,kg,2024-01-27,150.65270082101804,trend_regression,49.514934803282245,251.79046683875384,59.86976352760222,0.8844033935413254,False,1.8857599597009218,0.78,transaction_usage
M09,Ink - Cyan,kg,2024-01-28,151.3425354679803,trend_regression,50.2047694502445,252.4803014857161,59.86976352760222,0.8844033935413254,False,1.8857599597009218,0.78,transaction_usage
M09,Ink - Cyan,kg,2024-01-29,152.03237011494252,trend_regression,50.894604097206724,253.17013613267832,59.86976352760222,0.8844033935413254,False,1.8857599597009218,0.78,transaction_usage
M10,Ink - Magenta,kg,2024-01-02,59.06734091906885,exp_smoothing,0.0,173.99799218395444,75.03986287465156,0.6016584564860439,False,2.096697279321082,0.78,transaction_usage
M10,Ink - Magenta,kg,2024-01-03,59.53663451512796,exp_smoothing,0.0,174.46728578001353,75.03986287465156,0.6016584564860439,False,2.096697279321082,0.78,transaction_usage
M10,Ink - Magenta,kg,2024-01-04,60.005928111187075,exp_smoothing,0.0,174.93657937607264,75.03986287465156,0.6016584564860439,False,2.096697279321082,0.78,transaction_usage
M10,Ink - Magenta,kg,2024-01-05,60.475221707246185,exp_smoothing,0.0,175.40587297213176,75.03986287465156,0.6016584564860439,False,2.096697279321082,0.78,transaction_usage
M10,Ink - Magenta,kg,2024-01-06,60.9445153033053,exp_smoothing,0.0,175.87516656819088,75.03986287465156,0.6016584564860439,False,2.096697279321082,0.78,transaction_usage
M10,Ink - Magenta,kg,2024-01-07,61.41380889936442,exp_smoothing,0.0,176.34446016425,75.03986287465156,0.6016584564860439,False,2.096697279321082,0.78,transaction_usage
M10,Ink - Magenta,kg,2024-01-08,61.88310249542353,exp_smoothing,0.0,176.8137537603091,75.03986287465156,0.6016584564860439,False,2.096697279321082,0.78,transaction_usage
M10,Ink - Magenta,kg,2024-01-09,62.352396091482646,exp_smoothing,0.0,177.28304735636823,75.03986287465156,0.6016584564860439,False,2.096697279321082,0.78,transaction_usage
M10,Ink - Magenta,kg,2024-01-10,62.82168968754176,exp_smoothing,0.0,177.75234095242735,75.03986287465156,0.6016584564860439,False,2.096697279321082,0.78,transaction_usage
M10,Ink - Magenta,kg,2024-01-11,63.29098328360087,exp_smoothing,0.0,178.22163454848646,75.03986287465156,0.6016584564860439,False,2.096697279321082,0.78,transaction_usage
M10,Ink - Magenta,kg,2024-01-12,63.76027687965999,exp_smoothing,0.0,178.69092814454558,75.03986287465156,0.6016584564860439,False,2.096697279321082,0.78,transaction_usage
M10,Ink - Magenta,kg,2024-01-13,64.2295704757191,exp_smoothing,0.0,179.1602217406047,75.03986287465156,0.6016584564860439,False,2.096697279321082,0.78,transaction_usage
M10,Ink - Magenta,kg,2024-01-14,64.69886407177822,exp_smoothing,0.0,179.62951533666381,75.03986287465156,0.6016584564860439,False,2.096697279321082,0.78,transaction_usage
M10,Ink - Magenta,kg,2024-01-15,65.16815766783732,exp_smoothing,0.0,180.0988089327229,75.03986287465156,0.6016584564860439,False,2.096697279321082,0.78,transaction_usage
M10,Ink - Magenta,kg,2024-01-16,65.63745126389644,exp_smoothing,0.0,180.56810252878202,75.03986287465156,0.6016584564860439,False,2.096697279321082,0.78,transaction_usage
M10,Ink - Magenta,kg,2024-01-17,66.10674485995555,exp_smoothing,0.0,181.03739612484114,75.03986287465156,0.6016584564860439,False,2.096697279321082,0.78,transaction_usage
M10,Ink - Magenta,kg,2024-01-18,66.57603845601467,exp_smoothing,0.0,181.50668972090025,75.03986287465156,0.6016584564860439,False,2.096697279321082,0.78,transaction_usage
M10,Ink - Magenta,kg,2024-01-19,67.04533205207379,exp_smoothing,0.0,181.97598331695937,75.03986287465156,0.6016584564860439,False,2.096697279321082,0.78,transaction_usage
M10,Ink - Magenta,kg,2024-01-20,67.5146256481329,exp_smoothing,0.0,182.4452769130185,75.03986287465156,0.6016584564860439,False,2.096697279321082,0.78,transaction_usage
M10,Ink - Magenta,kg,2024-01-21,67.98391924419201,exp_smoothing,0.0,182.91457050907758,75.03986287465156,0.6016584564860439,False,2.096697279321082,0.78,transaction_usage
M10,Ink - Magenta,kg,2024-01-22,68.45321284025113,exp_smoothing,0.0,183.3838641051367,75.03986287465156,0.6016584564860439,False,2.096697279321082,0.78,transaction_usage
M10,Ink - Magenta,kg,2024-01-23,68.92250643631024,exp_smoothing,0.0,183.8531577011958,75.03986287465156,0.6016584564860439,False,2.096697279321082,0.78,transaction_usage
M10,Ink - Magenta,kg,2024-01-24,69.39180003236936,exp_smoothing,0.0,184.32245129725493,75.03986287465156,0.6016584564860439,False,2.096697279321082,0.78,transaction_usage
M10,Ink - Magenta,kg,2024-01-25,69.86109362842848,exp_smoothing,0.0,184.79174489331405,75.03986287465156,0.6016584564860439,False,2.096697279321082,0.78,transaction_usage
M10,Ink - Magenta,kg,2024-01-26,70.33038722448758,exp_smoothing,0.0,185.26103848937316,75.03986287465156,0.6016584564860439,False,2.096697279321082,0.78,transaction_usage
M10,Ink - Magenta,kg,2024-01-27,70.7996808205467,exp_smoothing,0.0,185.73033208543228,75.03986287465156,0.6016584564860439,False,2.096697279321082,0.78,transaction_usage
M10,Ink - Magenta,kg,2024-01-28,71.26897441660581,exp_smoothing,0.0,186.1996256814914,75.03986287465156,0.6016584564860439,False,2.096697279321082,0.78,transaction_usage
M10,Ink - Magenta,kg,2024-01-29,71.73826801266493,exp_smoothing,0.0,186.66891927755051,75.03986287465156,0.6016584564860439,False,2.096697279321082,0.78,transaction_usage
M11,Ink - Black,kg,2024-01-02,48.5276047979313,exp_smoothing,0.0,159.86387262653926,68.83795292573146,-0.9820415982484938,False,1.0564958429673255,0.78,transaction_usage
M11,Ink - Black,kg,2024-01-03,47.76161235129748,exp_smoothing,0.0,159.09788017990545,68.83795292573146,-0.9820415982484938,False,1.0564958429673255,0.78,transaction_usage
M11,Ink - Black,kg,2024-01-04,46.995619904663656,exp_smoothing,0.0,158.33188773327163,68.83795292573146,-0.9820415982484938,False,1.0564958429673255,0.78,transaction_usage
M11,Ink - Black,kg,2024-01-05,46.229627458029825,exp_smoothing,0.0,157.56589528663778,68.83795292573146,-0.9820415982484938,False,1.0564958429673255,0.78,transaction_usage
M11,Ink - Black,kg,2024-01-06,45.463635011396,exp_smoothing,0.0,156.79990284000397,68.83795292573146,-0.9820415982484938,False,1.0564958429673255,0.78,transaction_usage
M11,Ink - Black,kg,2024-01-07,44.69764256476217,exp_smoothing,0.0,156.03391039337015,68.83795292573146,-0.9820415982484938,False,1.0564958429673255,0.78,transaction_usage
M11,Ink - Black,kg,2024-01-08,43.931650118128346,exp_smoothing,0.0,155.2679179467363,68.83795292573146,-0.9820415982484938,False,1.0564958429673255,0.78,transaction_usage
M11,Ink - Black,kg,2024-01-09,43.16565767149452,exp_smoothing,0.0,154.5019255001025,68.83795292573146,-0.9820415982484938,False,1.0564958429673255,0.78,transaction_usage
M11,Ink - Black,kg,2024-01-10,42.3996652248607,exp_smoothing,0.0,153.73593305346867,68.83795292573146,-0.9820415982484938,False,1.0564958429673255,0.78,transaction_usage
M11,Ink - Black,kg,2024-01-11,41.633672778226874,exp_smoothing,0.0,152.96994060683485,68.83795292573146,-0.9820415982484938,False,1.0564958429673255,0.78,transaction_usage
M11,Ink - Black,kg,2024-01-12,40.86768033159305,exp_smoothing,0.0,152.20394816020104,68.83795292573146,-0.9820415982484938,False,1.0564958429673255,0.78,transaction_usage
M11,Ink - Black,kg,2024-01-13,40.101687884959226,exp_smoothing,0.0,151.4379557135672,68.83795292573146,-0.9820415982484938,False,1.0564958429673255,0.78,transaction_usage
M11,Ink - Black,kg,2024-01-14,39.3356954383254,exp_smoothing,0.0,150.67196326693337,68.83795292573146,-0.9820415982484938,False,1.0564958429673255,0.78,transaction_usage
M11,Ink - Black,kg,2024-01-15,38.56970299169158,exp_smoothing,0.0,149.90597082029956,68.83795292573146,-0.9820415982484938,False,1.0564958429673255,0.78,transaction_usage
M11,Ink - Black,kg,2024-01-16,37.80371054505775,exp_smoothing,0.0,149.1399783736657,68.83795292573146,-0.9820415982484938,False,1.0564958429673255,0.78,transaction_usage
M11,Ink - Black,kg,2024-01-17,37.03771809842392,exp_smoothing,0.0,148.3739859270319,68.83795292573146,-0.9820415982484938,False,1.0564958429673255,0.78,transaction_usage
M11,Ink - Black,kg,2024-01-18,36.2717256517901,exp_smoothing,0.0,147.60799348039808,68.83795292573146,-0.9820415982484938,False,1.0564958429673255,0.78,transaction_usage
M11,Ink - Black,kg,2024-01-19,35.505733205156275,exp_smoothing,0.0,146.84200103376423,68.83795292573146,-0.9820415982484938,False,1.0564958429673255,0.78,transaction_usage
M11,Ink - Black,kg,2024-01-20,34.739740758522444,exp_smoothing,0.0,146.07600858713042,68.83795292573146,-0.9820415982484938,False,1.0564958429673255,0.78,transaction_usage
M11,Ink - Black,kg,2024-01-21,33.97374831188862,exp_smoothing,0.0,145.3100161404966,68.83795292573146,-0.9820415982484938,False,1.0564958429673255,0.78,transaction_usage
M11,Ink - Black,kg,2024-01-22,33.207755865254796,exp_smoothing,0.0,144.54402369386275,68.83795292573146,-0.9820415982484938,False,1.0564958429673255,0.78,transaction_usage
M11,Ink - Black,kg,2024-01-23,32.44176341862097,exp_smoothing,0.0,143.77803124722894,68.83795292573146,-0.9820415982484938,False,1.0564958429673255,0.78,transaction_usage
M11,Ink - Black,kg,2024-01-24,31.67577097198715,exp_smoothing,0.0,143.01203880059512,68.83795292573146,-0.9820415982484938,False,1.0564958429673255,0.78,transaction_usage
M11,Ink - Black,kg,2024-01-25,30.909778525353325,exp_smoothing,0.0,142.2460463539613,68.83795292573146,-0.9820415982484938,False,1.0564958429673255,0.78,transaction_usage
M11,Ink - Black,kg,2024-01-26,30.143786078719497,exp_smoothing,0.0,141.48005390732746,68.83795292573146,-0.9820415982484938,False,1.0564958429673255,0.78,transaction_usage
M11,Ink - Black,kg,2024-01-27,29.37779363208567,exp_smoothing,0.0,140.71406146069364,68.83795292573146,-0.9820415982484938,False,1.0564958429673255,0.78,transaction_usage
M11,Ink - Black,kg,2024-01-28,28.61180118545185,exp_smoothing,0.0,139.94806901405983,68.83795292573146,-0.9820415982484938,False,1.0564958429673255,0.78,transaction_usage
M11,Ink - Black,kg,2024-01-29,27.845808738818018,exp_smoothing,0.0,139.18207656742598,68.83795292573146,-0.9820415982484938,False,1.0564958429673255,0.78,transaction_usage
M12,Specialty Ink - Gold,kg,2024-01-02,38.3593433497537,trend_regression,0.0,123.41903571317022,56.785939176081854,0.2986453201970443,False,1.2806884650724835,0.78,transaction_usage
M12,Specialty Ink - Gold,kg,2024-01-03,38.59228669950739,trend_regression,0.0,123.65197906292391,56.785939176081854,0.2986453201970443,False,1.2806884650724835,0.78,transaction_usage
M12,Specialty Ink - Gold,kg,2024-01-04,38.82523004926109,trend_regression,0.0,123.88492241267761,56.785939176081854,0.2986453201970443,False,1.2806884650724835,0.78,transaction_usage
M12,Specialty Ink - Gold,kg,2024-01-05,39.058173399014784,trend_regression,0.0,124.11786576243131,56.785939176081854,0.2986453201970443,False,1.2806884650724835,0.78,transaction_usage
M12,Specialty Ink - Gold,kg,2024-01-06,39.29111674876848,trend_regression,0.0,124.350809112185,56.785939176081854,0.2986453201970443,False,1.2806884650724835,0.78,transaction_usage
M12,Specialty Ink - Gold,kg,2024-01-07,39.52406009852217,trend_regression,0.0,124.58375246193869,56.785939176081854,0.2986453201970443,False,1.2806884650724835,0.78,transaction_usage
M12,Specialty Ink - Gold,kg,2024-01-08,39.75700344827587,trend_regression,0.0,124.81669581169238,56.785939176081854,0.2986453201970443,False,1.2806884650724835,0.78,transaction_usage
M12,Specialty Ink - Gold,kg,2024-01-09,39.989946798029564,trend_regression,0.0,125.04963916144608,56.785939176081854,0.2986453201970443,False,1.2806884650724835,0.78,transaction_usage
M12,Specialty Ink - Gold,kg,2024-01-10,40.222890147783254,trend_regression,0.0,125.28258251119976,56.785939176081854,0.2986453201970443,False,1.2806884650724835,0.78,transaction_usage
M12,Specialty Ink - Gold,kg,2024-01-11,40.45583349753695,trend_regression,0.0,125.51552586095346,56.785939176081854,0.2986453201970443,False,1.2806884650724835,0.78,transaction_usage
M12,Specialty Ink - Gold,kg,2024-01-12,40.68877684729064,trend_regression,0.0,125.74846921070716,56.785939176081854,0.2986453201970443,False,1.2806884650724835,0.78,transaction_usage
M12,Specialty Ink - Gold,kg,2024-01-13,40.92172019704434,trend_regression,0.0,125.98141256046085,56.785939176081854,0.2986453201970443,False,1.2806884650724835,0.78,transaction_usage
M12,Specialty Ink - Gold,kg,2024-01-14,41.154663546798034,trend_regression,0.0,126.21435591021455,56.785939176081854,0.2986453201970443,False,1.2806884650724835,0.78,transaction_usage
M12,Specialty Ink - Gold,kg,2024-01-15,41.38760689655172,trend_regression,0.0,126.44729925996825,56.785939176081854,0.2986453201970443,False,1.2806884650724835,0.78,transaction_usage
M12,Specialty Ink - Gold,kg,2024-01-16,41.62055024630542,trend_regression,0.0,126.68024260972194,56.785939176081854,0.2986453201970443,False,1.2806884650724835,0.78,transaction_usage
M12,Specialty Ink - Gold,kg,2024-01-17,41.85349359605912,trend_regression,0.0,126.91318595947564,56.785939176081854,0.2986453201970443,False,1.2806884650724835,0.78,transaction_usage
M12,Specialty Ink - Gold,kg,2024-01-18,42.08643694581281,trend_regression,0.0,127.14612930922932,56.785939176081854,0.2986453201970443,False,1.2806884650724835,0.78,transaction_usage
M12,Specialty Ink - Gold,kg,2024-01-19,42.3193802955665,trend_regression,0.0,127.37907265898302,56.785939176081854,0.2986453201970443,False,1.2806884650724835,0.78,transaction_usage
M12,Specialty Ink - Gold,kg,2024-01-20,42.5523236453202,trend_regression,0.0,127.61201600873672,56.785939176081854,0.2986453201970443,False,1.2806884650724835,0.78,transaction_usage
M12,Specialty Ink - Gold,kg,2024-01-21,42.7852669950739,trend_regression,0.0,127.84495935849041,56.785939176081854,0.2986453201970443,False,1.2806884650724835,0.78,transaction_usage
M12,Specialty Ink - Gold,kg,2024-01-22,43.01821034482759,trend_regression,0.0,128.0779027082441,56.785939176081854,0.2986453201970443,False,1.2806884650724835,0.78,transaction_usage
M12,Specialty Ink - Gold,kg,2024-01-23,43.251153694581284,trend_regression,0.0,128.3108460579978,56.785939176081854,0.2986453201970443,False,1.2806884650724835,0.78,transaction_usage
M12,Specialty Ink - Gold,kg,2024-01-24,43.48409704433498,trend_regression,0.0,128.5437894077515,56.785939176081854,0.2986453201970443,False,1.2806884650724835,0.78,transaction_usage
M12,Specialty Ink - Gold,kg,2024-01-25,43.71704039408867,trend_regression,0.0,128.7767327575052,56.785939176081854,0.2986453201970443,False,1.2806884650724835,0.78,transaction_usage
M12,Specialty Ink - Gold,kg,2024-01-26,43.94998374384237,trend_regression,0.0,129.00967610725888,56.785939176081854,0.2986453201970443,False,1.2806884650724835,0.78,transaction_usage
M12,Specialty Ink - Gold,kg,2024-01-27,44.182927093596064,trend_regression,0.0,129.24261945701258,56.785939176081854,0.2986453201970443,False,1.2806884650724835,0.78,transaction_usage
M12,Specialty Ink - Gold,kg,2024-01-28,44.41587044334975,trend_regression,0.0,129.47556280676628,56.785939176081854,0.2986453201970443,False,1.2806884650724835,0.78,transaction_usage
M12,Specialty Ink - Gold,kg,2024-01-29,44.64881379310345,trend_regression,0.0,129.70850615651997,56.785939176081854,0.2986453201970443,False,1.2806884650724835,0.78,transaction_usage
M13,PP Strapping Band 12mm,rolls,2024-01-02,57.44039828258212,exp_smoothing,0.0,177.73539604065886,71.02080830398056,0.09275588396278316,False,1.1025768418309818,0.78,transaction_usage
M13,PP Strapping Band 12mm,rolls,2024-01-03,57.51274787207309,exp_smoothing,0.0,177.80774563014984,71.02080830398056,0.09275588396278316,False,1.1025768418309818,0.78,transaction_usage
M13,PP Strapping Band 12mm,rolls,2024-01-04,57.58509746156407,exp_smoothing,0.0,177.8800952196408,71.02080830398056,0.09275588396278316,False,1.1025768418309818,0.78,transaction_usage
M13,PP Strapping Band 12mm,rolls,2024-01-05,57.65744705105504,exp_smoothing,0.0,177.95244480913178,71.02080830398056,0.09275588396278316,False,1.1025768418309818,0.78,transaction_usage
M13,PP Strapping Band 12mm,rolls,2024-01-06,57.729796640546006,exp_smoothing,0.0,178.02479439862273,71.02080830398056,0.09275588396278316,False,1.1025768418309818,0.78,transaction_usage
M13,PP Strapping Band 12mm,rolls,2024-01-07,57.802146230036975,exp_smoothing,0.0,178.09714398811371,71.02080830398056,0.09275588396278316,False,1.1025768418309818,0.78,transaction_usage
M13,PP Strapping Band 12mm,rolls,2024-01-08,57.874495819527944,exp_smoothing,0.0,178.16949357760467,71.02080830398056,0.09275588396278316,False,1.1025768418309818,0.78,transaction_usage
M13,PP Strapping Band 12mm,rolls,2024-01-09,57.94684540901891,exp_smoothing,0.0,178.24184316709565,71.02080830398056,0.09275588396278316,False,1.1025768418309818,0.78,transaction_usage
M13,PP Strapping Band 12mm,rolls,2024-01-10,58.019194998509896,exp_smoothing,0.0,178.31419275658664,71.02080830398056,0.09275588396278316,False,1.1025768418309818,0.78,transaction_usage
M13,PP Strapping Band 12mm,rolls,2024-01-11,58.091544588000865,exp_smoothing,0.0,178.3865423460776,71.02080830398056,0.09275588396278316,False,1.1025768418309818,0.78,transaction_usage
M13,PP Strapping Band 12mm,rolls,2024-01-12,58.163894177491834,exp_smoothing,0.0,178.45889193556857,71.02080830398056,0.09275588396278316,False,1.1025768418309818,0.78,transaction_usage
M13,PP Strapping Band 12mm,rolls,2024-01-13,58.2362437669828,exp_smoothing,0.0,178.53124152505953,71.02080830398056,0.09275588396278316,False,1.1025768418309818,0.78,transaction_usage
M13,PP Strapping Band 12mm,rolls,2024-01-14,58.30859335647377,exp_smoothing,0.0,178.6035911145505,71.02080830398056,0.09275588396278316,False,1.1025768418309818,0.78,transaction_usage
M13,PP Strapping Band 12mm,rolls,2024-01-15,58.38094294596474,exp_smoothing,0.0,178.67594070404147,71.02080830398056,0.09275588396278316,False,1.1025768418309818,0.78,transaction_usage
M13,PP Strapping Band 12mm,rolls,2024-01-16,58.453292535455724,exp_smoothing,0.0,178.74829029353245,71.02080830398056,0.09275588396278316,False,1.1025768418309818,0.78,transaction_usage
M13,PP Strapping Band 12mm,rolls,2024-01-17,58.52564212494669,exp_smoothing,0.0,178.82063988302343,71.02080830398056,0.09275588396278316,False,1.1025768418309818,0.78,transaction_usage
M13,PP Strapping Band 12mm,rolls,2024-01-18,58.59799171443766,exp_smoothing,0.0,178.8929894725144,71.02080830398056,0.09275588396278316,False,1.1025768418309818,0.78,transaction_usage
M13,PP Strapping Band 12mm,rolls,2024-01-19,58.67034130392863,exp_smoothing,0.0,178.96533906200537,71.02080830398056,0.09275588396278316,False,1.1025768418309818,0.78,transaction_usage
M13,PP Strapping Band 12mm,rolls,2024-01-20,58.7426908934196,exp_smoothing,0.0,179.03768865149632,71.02080830398056,0.09275588396278316,False,1.1025768418309818,0.78,transaction_usage
M13,PP Strapping Band 12mm,rolls,2024-01-21,58.81504048291057,exp_smoothing,0.0,179.1100382409873,71.02080830398056,0.09275588396278316,False,1.1025768418309818,0.78,transaction_usage
M13,PP Strapping Band 12mm,rolls,2024-01-22,58.887390072401544,exp_smoothing,0.0,179.18238783047826,71.02080830398056,0.09275588396278316,False,1.1025768418309818,0.78,transaction_usage
M13,PP Strapping Band 12mm,rolls,2024-01-23,58.95973966189251,exp_smoothing,0.0,179.25473741996925,71.02080830398056,0.09275588396278316,False,1.1025768418309818,0.78,transaction_usage
M13,PP Strapping Band 12mm,rolls,2024-01-24,59.03208925138348,exp_smoothing,0.0,179.32708700946023,71.02080830398056,0.09275588396278316,False,1.1025768418309818,0.78,transaction_usage
M13,PP Strapping Band 12mm,rolls,2024-01-25,59.10443884087445,exp_smoothing,0.0,179.39943659895118,71.02080830398056,0.09275588396278316,False,1.1025768418309818,0.78,transaction_usage
M13,PP Strapping Band 12mm,rolls,2024-01-26,59.17678843036542,exp_smoothing,0.0,179.47178618844214,71.02080830398056,0.09275588396278316,False,1.1025768418309818,0.78,transaction_usage
M13,PP Strapping Band 12mm,rolls,2024-01-27,59.2491380198564,exp_smoothing,0.0,179.54413577793315,71.02080830398056,0.09275588396278316,False,1.1025768418309818,0.78,transaction_usage
M13,PP Strapping Band 12mm,rolls,2024-01-28,59.32148760934737,exp_smoothing,0.0,179.6164853674241,71.02080830398056,0.09275588396278316,False,1.1025768418309818,0.78,transaction_usage
M13,PP Strapping Band 12mm,rolls,2024-01-29,59.39383719883834,exp_smoothing,0.0,179.68883495691506,71.02080830398056,0.09275588396278316,False,1.1025768418309818,0.78,transaction_usage
M14,PP Strapping Band 16mm,rolls,2024-01-02,101.03185821823891,exp_smoothing,0.0,214.0044191666537,68.26684397903034,1.4273097974822129,False,3.312000460719704,0.78,transaction_usage
M14,PP Strapping Band 16mm,rolls,2024-01-03,102.14515986027502,exp_smoothing,0.0,215.1177208086898,68.26684397903034,1.4273097974822129,False,3.312000460719704,0.78,transaction_usage
M14,PP Strapping Band 16mm,rolls,2024-01-04,103.25846150231115,exp_smoothing,0.0,216.23102245072593,68.26684397903034,1.4273097974822129,False,3.312000460719704,0.78,transaction_usage
M14,PP Strapping Band 16mm,rolls,2024-01-05,104.37176314434728,exp_smoothing,0.0,217.34432409276206,68.26684397903034,1.4273097974822129,False,3.312000460719704,0.78,transaction_usage
M14,PP Strapping Band 16mm,rolls,2024-01-06,105.4850647863834,exp_smoothing,0.0,218.45762573479817,68.26684397903034,1.4273097974822129,False,3.312000460719704,0.78,transaction_usage
M14,PP Strapping Band 16mm,rolls,2024-01-07,106.59836642841954,exp_smoothing,0.0,219.57092737683433,68.26684397903034,1.4273097974822129,False,3.312000460719704,0.78,transaction_usage
M14,PP Strapping Band 16mm,rolls,2024-01-08,107.71166807045564,exp_smoothing,0.0,220.68422901887044,68.26684397903034,1.4273097974822129,False,3.312000460719704,0.78,transaction_usage
M14,PP Strapping Band 16mm,rolls,2024-01-09,108.82496971249178,exp_smoothing,0.0,221.79753066090655,68.26684397903034,1.4273097974822129,False,3.312000460719704,0.78,transaction_usage
M14,PP Strapping Band 16mm,rolls,2024-01-10,109.93827135452791,exp_smoothing,0.0,222.9108323029427,68.26684397903034,1.4273097974822129,False,3.312000460719704,0.78,transaction_usage
M14,PP Strapping Band 16mm,rolls,2024-01-11,111.05157299656403,exp_smoothing,0.0,224.02413394497881,68.26684397903034,1.4273097974822129,False,3.312000460719704,0.78,transaction_usage
M14,PP Strapping Band 16mm,rolls,2024-01-12,112.16487463860017,exp_smoothing,0.0,225.13743558701495,68.26684397903034,1.4273097974822129,False,3.312000460719704,0.78,transaction_usage
M14,PP Strapping Band 16mm,rolls,2024-01-13,113.27817628063627,exp_smoothing,0.3056153322214925,226.25073722905105,68.26684397903034,1.4273097974822129,False,3.312000460719704,0.78,transaction_usage
M14,PP Strapping Band 16mm,rolls,2024-01-14,114.39147792267241,exp_smoothing,1.4189169742576269,227.3640388710872,68.26684397903034,1.4273097974822129,False,3.312000460719704,0.78,transaction_usage
M14,PP Strapping Band 16mm,rolls,2024-01-15,115.50477956470854,exp_smoothing,2.532218616293761,228.47734051312332,68.26684397903034,1.4273097974822129,False,3.312000460719704,0.78,transaction_usage
M14,PP Strapping Band 16mm,rolls,2024-01-16,116.61808120674466,exp_smoothing,3.6455202583298814,229.59064215515946,68.26684397903034,1.4273097974822129,False,3.312000460719704,0.78,transaction_usage
M14,PP Strapping Band 16mm,rolls,2024-01-17,117.7313828487808,exp_smoothing,4.758821900366016,230.70394379719556,68.26684397903034,1.4273097974822129,False,3.312000460719704,0.78,transaction_usage
M14,PP Strapping Band 16mm,rolls,2024-01-18,118.84468449081693,exp_smoothing,5.87212354240215,231.81724543923173,68.26684397903034,1.4273097974822129,False,3.312000460719704,0.78,transaction_usage
M14,PP Strapping Band 16mm,rolls,2024-01-19,119.95798613285304,exp_smoothing,6.985425184438256,232.93054708126783,68.26684397903034,1.4273097974822129,False,3.312000460719704,0.78,transaction_usage
M14,PP Strapping Band 16mm,rolls,2024-01-20,121.07128777488917,exp_smoothing,8.09872682647439,234.04384872330394,68.26684397903034,1.4273097974822129,False,3.312000460719704,0.78,transaction_usage
M14,PP Strapping Band 16mm,rolls,2024-01-21,122.1845894169253,exp_smoothing,9.212028468510525,235.1571503653401,68.26684397903034,1.4273097974822129,False,3.312000460719704,0.78,transaction_usage
M14,PP Strapping Band 16mm,rolls,2024-01-22,123.29789105896143,exp_smoothing,10.325330110546645,236.2704520073762,68.26684397903034,1.4273097974822129,False,3.312000460719704,0.78,transaction_usage
M14,PP Strapping Band 16mm,rolls,2024-01-23,124.41119270099756,exp_smoothing,11.43863175258278,237.38375364941234,68.26684397903034,1.4273097974822129,False,3.312000460719704,0.78,transaction_usage
M14,PP Strapping Band 16mm,rolls,2024-01-24,125.52449434303367,exp_smoothing,12.551933394618885,238.49705529144845,68.26684397903034,1.4273097974822129,False,3.312000460719704,0.78,transaction_usage
M14,PP Strapping Band 16mm,rolls,2024-01-25,126.6377959850698,exp_smoothing,13.66523503665502,239.61035693348458,68.26684397903034,1.4273097974822129,False,3.312000460719704,0.78,transaction_usage
M14,PP Strapping Band 16mm,rolls,2024-01-26,127.75109762710593,exp_smoothing,14.778536678691154,240.72365857552072,68.26684397903034,1.4273097974822129,False,3.312000460719704,0.78,transaction_usage
M14,PP Strapping Band 16mm,rolls,2024-01-27,128.86439926914204,exp_smoothing,15.89183832072726,241.83696021755682,68.26684397903034,1.4273097974822129,False,3.312000460719704,0.78,transaction_usage
M14,PP Strapping Band 16mm,rolls,2024-01-28,129.97770091117818,exp_smoothing,17.005139962763394,242.95026185959296,68.26684397903034,1.4273097974822129,False,3.312000460719704,0.78,transaction_usage
M14,PP Strapping Band 16mm,rolls,2024-01-29,131.09100255321428,exp_smoothing,18.1184416047995,244.06356350162906,68.26684397903034,1.4273097974822129,False,3.312000460719704,0.78,transaction_usage
