date,days_from_analysis,material_id,material_name,unit,starting_stock,scheduled_demand_qty,projected_stock_after_demand
2024-01-02,1,M01,Kraft Paper - Grade A (180 GSM),rolls,18.0,53114.178,-53096.178
2024-01-03,2,M01,Kraft Paper - Grade A (180 GSM),rolls,-53096.178,37585.548,-90681.726
2024-01-04,3,M01,Kraft Paper - Grade A (180 GSM),rolls,-90681.726,0.0,-90681.726
2024-01-05,4,M01,Kraft Paper - Grade A (180 GSM),rolls,-90681.726,0.0,-90681.726
2024-01-06,5,M01,Kraft Paper - Grade A (180 GSM),rolls,-90681.726,24356.046000000002,-115037.772
2024-01-07,6,M01,Kraft Paper - Grade A (180 GSM),rolls,-115037.772,0.0,-115037.772
2024-01-08,7,M01,Kraft Paper - Grade A (180 GSM),rolls,-115037.772,39725.87580000001,-154763.6478
2024-01-09,8,M01,Kraft Paper - Grade A (180 GSM),rolls,-154763.6478,17831.814000000002,-172595.46180000002
2024-01-10,9,M01,Kraft Paper - Grade A (180 GSM),rolls,-172595.46180000002,34126.4196,-206721.8814
2024-01-11,10,M01,Kraft Paper - Grade A (180 GSM),rolls,-206721.8814,17597.7048,-224319.58620000002
2024-01-12,11,M01,Kraft Paper - Grade A (180 GSM),rolls,-224319.58620000002,13124.8728,-237444.45900000003
2024-01-13,12,M01,Kraft Paper - Grade A (180 GSM),rolls,-237444.45900000003,27930.474000000002,-265374.933
2024-01-14,13,M01,Kraft Paper - Grade A (180 GSM),rolls,-265374.933,0.0,-265374.933
2024-01-15,14,M01,Kraft Paper - Grade A (180 GSM),rolls,-265374.933,0.0,-265374.933
2024-01-16,15,M01,Kraft Paper - Grade A (180 GSM),rolls,-265374.933,42046.719000000005,-307421.652
2024-01-17,16,M01,Kraft Paper - Grade A (180 GSM),rolls,-307421.652,0.0,-307421.652
2024-01-18,17,M01,Kraft Paper - Grade A (180 GSM),rolls,-307421.652,12281.451000000003,-319703.103
2024-01-19,18,M01,Kraft Paper - Grade A (180 GSM),rolls,-319703.103,43313.02560000001,-363016.1286
2024-01-20,19,M01,Kraft Paper - Grade A (180 GSM),rolls,-363016.1286,3313.1591999999996,-366329.2878
2024-01-21,20,M01,Kraft Paper - Grade A (180 GSM),rolls,-366329.2878,3077.2871999999998,-369406.575
2024-01-22,21,M01,Kraft Paper - Grade A (180 GSM),rolls,-369406.575,7132.5696,-376539.1446
2024-01-23,22,M01,Kraft Paper - Grade A (180 GSM),rolls,-376539.1446,14455.584,-390994.7286
2024-01-24,23,M01,Kraft Paper - Grade A (180 GSM),rolls,-390994.7286,1658.1239999999998,-392652.8526
2024-01-25,24,M01,Kraft Paper - Grade A (180 GSM),rolls,-392652.8526,4297.722000000001,-396950.5746
2024-01-26,25,M01,Kraft Paper - Grade A (180 GSM),rolls,-396950.5746,0.0,-396950.5746
2024-01-27,26,M01,Kraft Paper - Grade A (180 GSM),rolls,-396950.5746,0.0,-396950.5746
2024-01-28,27,M01,Kraft Paper - Grade A (180 GSM),rolls,-396950.5746,0.0,-396950.5746
2024-01-29,28,M01,Kraft Paper - Grade A (180 GSM),rolls,-396950.5746,30271.956000000006,-427222.5306
2024-01-30,29,M01,Kraft Paper - Grade A (180 GSM),rolls,-427222.5306,22645.115999999998,-449867.6466
2024-01-31,30,M01,Kraft Paper - Grade A (180 GSM),rolls,-449867.6466,0.0,-449867.6466
2024-02-01,31,M01,Kraft Paper - Grade A (180 GSM),rolls,-449867.6466,0.0,-449867.6466
2024-02-02,32,M01,Kraft Paper - Grade A (180 GSM),rolls,-449867.6466,0.0,-449867.6466
2024-02-03,33,M01,Kraft Paper - Grade A (180 GSM),rolls,-449867.6466,4014.0,-453881.6466
2024-02-04,34,M01,Kraft Paper - Grade A (180 GSM),rolls,-453881.6466,0.0,-453881.6466
2024-02-05,35,M01,Kraft Paper - Grade A (180 GSM),rolls,-453881.6466,0.0,-453881.6466
2024-02-06,36,M01,Kraft Paper - Grade A (180 GSM),rolls,-453881.6466,51217.91200000001,-505099.5586
2024-02-07,37,M01,Kraft Paper - Grade A (180 GSM),rolls,-505099.5586,12510.864000000001,-517610.4226
2024-02-08,38,M01,Kraft Paper - Grade A (180 GSM),rolls,-517610.4226,0.0,-517610.4226
2024-02-09,39,M01,Kraft Paper - Grade A (180 GSM),rolls,-517610.4226,0.0,-517610.4226
2024-02-10,40,M01,Kraft Paper - Grade A (180 GSM),rolls,-517610.4226,0.0,-517610.4226
2024-02-11,41,M01,Kraft Paper - Grade A (180 GSM),rolls,-517610.4226,5112.8640000000005,-522723.2866
2024-02-12,42,M01,Kraft Paper - Grade A (180 GSM),rolls,-522723.2866,11985.600000000002,-534708.8866
2024-01-02,1,M02,Kraft Paper - Grade B (150 GSM),rolls,55.0,0.0,55.0
2024-01-03,2,M02,Kraft Paper - Grade B (150 GSM),rolls,55.0,21230.1648,-21175.1648
2024-01-04,3,M02,Kraft Paper - Grade B (150 GSM),rolls,-21175.1648,16998.2592,-38173.424
2024-01-05,4,M02,Kraft Paper - Grade B (150 GSM),rolls,-38173.424,11310.9048,-49484.3288
2024-01-06,5,M02,Kraft Paper - Grade B (150 GSM),rolls,-49484.3288,21962.304,-71446.6328
2024-01-07,6,M02,Kraft Paper - Grade B (150 GSM),rolls,-71446.6328,0.0,-71446.6328
2024-01-08,7,M02,Kraft Paper - Grade B (150 GSM),rolls,-71446.6328,0.0,-71446.6328
2024-01-09,8,M02,Kraft Paper - Grade B (150 GSM),rolls,-71446.6328,28500.576000000005,-99947.20880000001
2024-01-10,9,M02,Kraft Paper - Grade B (150 GSM),rolls,-99947.20880000001,6598.675200000001,-106545.884
2024-01-11,10,M02,Kraft Paper - Grade B (150 GSM),rolls,-106545.884,14015.7108,-120561.5948
2024-01-12,11,M02,Kraft Paper - Grade B (150 GSM),rolls,-120561.5948,57043.0224,-177604.6172
2024-01-13,12,M02,Kraft Paper - Grade B (150 GSM),rolls,-177604.6172,0.0,-177604.6172
2024-01-14,13,M02,Kraft Paper - Grade B (150 GSM),rolls,-177604.6172,0.0,-177604.6172
2024-01-15,14,M02,Kraft Paper - Grade B (150 GSM),rolls,-177604.6172,0.0,-177604.6172
2024-01-16,15,M02,Kraft Paper - Grade B (150 GSM),rolls,-177604.6172,20669.875200000002,-198274.49240000002
2024-01-17,16,M02,Kraft Paper - Grade B (150 GSM),rolls,-198274.49240000002,7109.856,-205384.34840000002
2024-01-18,17,M02,Kraft Paper - Grade B (150 GSM),rolls,-205384.34840000002,25669.363200000003,-231053.7116
2024-01-19,18,M02,Kraft Paper - Grade B (150 GSM),rolls,-231053.7116,0.0,-231053.7116
2024-01-20,19,M02,Kraft Paper - Grade B (150 GSM),rolls,-231053.7116,12702.2688,-243755.9804
2024-01-21,20,M02,Kraft Paper - Grade B (150 GSM),rolls,-243755.9804,0.0,-243755.9804
2024-01-22,21,M02,Kraft Paper - Grade B (150 GSM),rolls,-243755.9804,9222.720000000001,-252978.7004
2024-01-23,22,M02,Kraft Paper - Grade B (150 GSM),rolls,-252978.7004,0.0,-252978.7004
2024-01-24,23,M02,Kraft Paper - Grade B (150 GSM),rolls,-252978.7004,14676.152399999999,-267654.8528
2024-01-25,24,M02,Kraft Paper - Grade B (150 GSM),rolls,-267654.8528,0.0,-267654.8528
2024-01-26,25,M02,Kraft Paper - Grade B (150 GSM),rolls,-267654.8528,13354.848000000002,-281009.7008
2024-01-27,26,M02,Kraft Paper - Grade B (150 GSM),rolls,-281009.7008,0.0,-281009.7008
2024-01-28,27,M02,Kraft Paper - Grade B (150 GSM),rolls,-281009.7008,25105.5168,-306115.2176
2024-01-29,28,M02,Kraft Paper - Grade B (150 GSM),rolls,-306115.2176,0.0,-306115.2176
2024-01-30,29,M02,Kraft Paper - Grade B (150 GSM),rolls,-306115.2176,0.0,-306115.2176
2024-01-31,30,M02,Kraft Paper - Grade B (150 GSM),rolls,-306115.2176,0.0,-306115.2176
2024-02-01,31,M02,Kraft Paper - Grade B (150 GSM),rolls,-306115.2176,0.0,-306115.2176
2024-02-02,32,M02,Kraft Paper - Grade B (150 GSM),rolls,-306115.2176,0.0,-306115.2176
2024-02-03,33,M02,Kraft Paper - Grade B (150 GSM),rolls,-306115.2176,0.0,-306115.2176
2024-02-04,34,M02,Kraft Paper - Grade B (150 GSM),rolls,-306115.2176,0.0,-306115.2176
2024-02-05,35,M02,Kraft Paper - Grade B (150 GSM),rolls,-306115.2176,0.0,-306115.2176
2024-02-06,36,M02,Kraft Paper - Grade B (150 GSM),rolls,-306115.2176,8962.416000000001,-315077.6336
2024-02-07,37,M02,Kraft Paper - Grade B (150 GSM),rolls,-315077.6336,0.0,-315077.6336
2024-02-08,38,M02,Kraft Paper - Grade B (150 GSM),rolls,-315077.6336,0.0,-315077.6336
2024-02-09,39,M02,Kraft Paper - Grade B (150 GSM),rolls,-315077.6336,0.0,-315077.6336
2024-02-10,40,M02,Kraft Paper - Grade B (150 GSM),rolls,-315077.6336,0.0,-315077.6336
2024-02-11,41,M02,Kraft Paper - Grade B (150 GSM),rolls,-315077.6336,0.0,-315077.6336
2024-02-12,42,M02,Kraft Paper - Grade B (150 GSM),rolls,-315077.6336,0.0,-315077.6336
2024-01-02,1,M03,Kraft Paper - Grade C (120 GSM),rolls,62.0,0.0,62.0
2024-01-03,2,M03,Kraft Paper - Grade C (120 GSM),rolls,62.0,0.0,62.0
2024-01-04,3,M03,Kraft Paper - Grade C (120 GSM),rolls,62.0,0.0,62.0
2024-01-05,4,M03,Kraft Paper - Grade C (120 GSM),rolls,62.0,0.0,62.0
2024-01-06,5,M03,Kraft Paper - Grade C (120 GSM),rolls,62.0,0.0,62.0
2024-01-07,6,M03,Kraft Paper - Grade C (120 GSM),rolls,62.0,0.0,62.0
2024-01-08,7,M03,Kraft Paper - Grade C (120 GSM),rolls,62.0,0.0,62.0
2024-01-09,8,M03,Kraft Paper - Grade C (120 GSM),rolls,62.0,0.0,62.0
2024-01-10,9,M03,Kraft Paper - Grade C (120 GSM),rolls,62.0,0.0,62.0
2024-01-11,10,M03,Kraft Paper - Grade C (120 GSM),rolls,62.0,0.0,62.0
2024-01-12,11,M03,Kraft Paper - Grade C (120 GSM),rolls,62.0,0.0,62.0
2024-01-13,12,M03,Kraft Paper - Grade C (120 GSM),rolls,62.0,0.0,62.0
2024-01-14,13,M03,Kraft Paper - Grade C (120 GSM),rolls,62.0,0.0,62.0
2024-01-15,14,M03,Kraft Paper - Grade C (120 GSM),rolls,62.0,0.0,62.0
2024-01-16,15,M03,Kraft Paper - Grade C (120 GSM),rolls,62.0,0.0,62.0
2024-01-17,16,M03,Kraft Paper - Grade C (120 GSM),rolls,62.0,0.0,62.0
2024-01-18,17,M03,Kraft Paper - Grade C (120 GSM),rolls,62.0,0.0,62.0
2024-01-19,18,M03,Kraft Paper - Grade C (120 GSM),rolls,62.0,0.0,62.0
2024-01-20,19,M03,Kraft Paper - Grade C (120 GSM),rolls,62.0,0.0,62.0
2024-01-21,20,M03,Kraft Paper - Grade C (120 GSM),rolls,62.0,0.0,62.0
2024-01-22,21,M03,Kraft Paper - Grade C (120 GSM),rolls,62.0,0.0,62.0
2024-01-23,22,M03,Kraft Paper - Grade C (120 GSM),rolls,62.0,0.0,62.0
2024-01-24,23,M03,Kraft Paper - Grade C (120 GSM),rolls,62.0,0.0,62.0
2024-01-25,24,M03,Kraft Paper - Grade C (120 GSM),rolls,62.0,0.0,62.0
2024-01-26,25,M03,Kraft Paper - Grade C (120 GSM),rolls,62.0,0.0,62.0
2024-01-27,26,M03,Kraft Paper - Grade C (120 GSM),rolls,62.0,0.0,62.0
2024-01-28,27,M03,Kraft Paper - Grade C (120 GSM),rolls,62.0,0.0,62.0
2024-01-29,28,M03,Kraft Paper - Grade C (120 GSM),rolls,62.0,0.0,62.0
2024-01-30,29,M03,Kraft Paper - Grade C (120 GSM),rolls,62.0,0.0,62.0
2024-01-31,30,M03,Kraft Paper - Grade C (120 GSM),rolls,62.0,0.0,62.0
2024-02-01,31,M03,Kraft Paper - Grade C (120 GSM),rolls,62.0,0.0,62.0
2024-02-02,32,M03,Kraft Paper - Grade C (120 GSM),rolls,62.0,0.0,62.0
2024-02-03,33,M03,Kraft Paper - Grade C (120 GSM),rolls,62.0,0.0,62.0
2024-02-04,34,M03,Kraft Paper - Grade C (120 GSM),rolls,62.0,0.0,62.0
2024-02-05,35,M03,Kraft Paper - Grade C (120 GSM),rolls,62.0,0.0,62.0
2024-02-06,36,M03,Kraft Paper - Grade C (120 GSM),rolls,62.0,0.0,62.0
2024-02-07,37,M03,Kraft Paper - Grade C (120 GSM),rolls,62.0,0.0,62.0
2024-02-08,38,M03,Kraft Paper - Grade C (120 GSM),rolls,62.0,0.0,62.0
2024-02-09,39,M03,Kraft Paper - Grade C (120 GSM),rolls,62.0,0.0,62.0
2024-02-10,40,M03,Kraft Paper - Grade C (120 GSM),rolls,62.0,0.0,62.0
2024-02-11,41,M03,Kraft Paper - Grade C (120 GSM),rolls,62.0,0.0,62.0
2024-02-12,42,M03,Kraft Paper - Grade C (120 GSM),rolls,62.0,0.0,62.0
2024-01-02,1,M04,White Top Liner,rolls,30.0,50065.58700000001,-50035.58700000001
2024-01-03,2,M04,White Top Liner,rolls,-50035.58700000001,0.0,-50035.58700000001
2024-01-04,3,M04,White Top Liner,rolls,-50035.58700000001,41422.09500000001,-91457.68200000002
2024-01-05,4,M04,White Top Liner,rolls,-91457.68200000002,0.0,-91457.68200000002
2024-01-06,5,M04,White Top Liner,rolls,-91457.68200000002,8882.874000000002,-100340.55600000001
2024-01-07,6,M04,White Top Liner,rolls,-100340.55600000001,0.0,-100340.55600000001
2024-01-08,7,M04,White Top Liner,rolls,-100340.55600000001,0.0,-100340.55600000001
2024-01-09,8,M04,White Top Liner,rolls,-100340.55600000001,37682.073000000004,-138022.62900000002
2024-01-10,9,M04,White Top Liner,rolls,-138022.62900000002,0.0,-138022.62900000002
2024-01-11,10,M04,White Top Liner,rolls,-138022.62900000002,0.0,-138022.62900000002
2024-01-12,11,M04,White Top Liner,rolls,-138022.62900000002,0.0,-138022.62900000002
2024-01-13,12,M04,White Top Liner,rolls,-138022.62900000002,0.0,-138022.62900000002
2024-01-14,13,M04,White Top Liner,rolls,-138022.62900000002,0.0,-138022.62900000002
2024-01-15,14,M04,White Top Liner,rolls,-138022.62900000002,46851.519,-184874.14800000002
2024-01-16,15,M04,White Top Liner,rolls,-184874.14800000002,25119.666000000005,-209993.814
2024-01-17,16,M04,White Top Liner,rolls,-209993.814,0.0,-209993.814
2024-01-18,17,M04,White Top Liner,rolls,-209993.814,0.0,-209993.814
2024-01-19,18,M04,White Top Liner,rolls,-209993.814,17698.395000000004,-227692.20900000003
2024-01-20,19,M04,White Top Liner,rolls,-227692.20900000003,0.0,-227692.20900000003
2024-01-21,20,M04,White Top Liner,rolls,-227692.20900000003,0.0,-227692.20900000003
2024-01-22,21,M04,White Top Liner,rolls,-227692.20900000003,0.0,-227692.20900000003
2024-01-23,22,M04,White Top Liner,rolls,-227692.20900000003,0.0,-227692.20900000003
2024-01-24,23,M04,White Top Liner,rolls,-227692.20900000003,0.0,-227692.20900000003
2024-01-25,24,M04,White Top Liner,rolls,-227692.20900000003,45142.812000000005,-272835.02100000007
2024-01-26,25,M04,White Top Liner,rolls,-272835.02100000007,0.0,-272835.02100000007
2024-01-27,26,M04,White Top Liner,rolls,-272835.02100000007,20821.944000000003,-293656.9650000001
2024-01-28,27,M04,White Top Liner,rolls,-293656.9650000001,0.0,-293656.9650000001
2024-01-29,28,M04,White Top Liner,rolls,-293656.9650000001,41747.706000000006,-335404.6710000001
2024-01-30,29,M04,White Top Liner,rolls,-335404.6710000001,0.0,-335404.6710000001
2024-01-31,30,M04,White Top Liner,rolls,-335404.6710000001,0.0,-335404.6710000001
2024-02-01,31,M04,White Top Liner,rolls,-335404.6710000001,48132.920000000006,-383537.5910000001
2024-02-02,32,M04,White Top Liner,rolls,-383537.5910000001,0.0,-383537.5910000001
2024-02-03,33,M04,White Top Liner,rolls,-383537.5910000001,0.0,-383537.5910000001
2024-02-04,34,M04,White Top Liner,rolls,-383537.5910000001,0.0,-383537.5910000001
2024-02-05,35,M04,White Top Liner,rolls,-383537.5910000001,0.0,-383537.5910000001
2024-02-06,36,M04,White Top Liner,rolls,-383537.5910000001,0.0,-383537.5910000001
2024-02-07,37,M04,White Top Liner,rolls,-383537.5910000001,0.0,-383537.5910000001
2024-02-08,38,M04,White Top Liner,rolls,-383537.5910000001,0.0,-383537.5910000001
2024-02-09,39,M04,White Top Liner,rolls,-383537.5910000001,0.0,-383537.5910000001
2024-02-10,40,M04,White Top Liner,rolls,-383537.5910000001,0.0,-383537.5910000001
2024-02-11,41,M04,White Top Liner,rolls,-383537.5910000001,0.0,-383537.5910000001
2024-02-12,42,M04,White Top Liner,rolls,-383537.5910000001,0.0,-383537.5910000001
2024-01-02,1,M05,Corrugating Medium,rolls,44.0,71227.1976,-71183.1976
2024-01-03,2,M05,Corrugating Medium,rolls,-71183.1976,40121.64,-111304.8376
2024-01-04,3,M05,Corrugating Medium,rolls,-111304.8376,40072.0944,-151376.932
2024-01-05,4,M05,Corrugating Medium,rolls,-151376.932,7540.6032000000005,-158917.5352
2024-01-06,5,M05,Corrugating Medium,rolls,-158917.5352,38064.156,-196981.6912
2024-01-07,6,M05,Corrugating Medium,rolls,-196981.6912,0.0,-196981.6912
2024-01-08,7,M05,Corrugating Medium,rolls,-196981.6912,27439.541999999998,-224421.2332
2024-01-09,8,M05,Corrugating Medium,rolls,-224421.2332,57949.1952,-282370.4284
2024-01-10,9,M05,Corrugating Medium,rolls,-282370.4284,27987.226799999997,-310357.6552
2024-01-11,10,M05,Corrugating Medium,rolls,-310357.6552,21307.1352,-331664.7904
2024-01-12,11,M05,Corrugating Medium,rolls,-331664.7904,47683.7712,-379348.5616
2024-01-13,12,M05,Corrugating Medium,rolls,-379348.5616,19297.4184,-398645.98000000004
2024-01-14,13,M05,Corrugating Medium,rolls,-398645.98000000004,0.0,-398645.98000000004
2024-01-15,14,M05,Corrugating Medium,rolls,-398645.98000000004,32370.1404,-431016.1204
2024-01-16,15,M05,Corrugating Medium,rolls,-431016.1204,60616.4052,-491632.5256
2024-01-17,16,M05,Corrugating Medium,rolls,-491632.5256,4739.904,-496372.4296
2024-01-18,17,M05,Corrugating Medium,rolls,-496372.4296,26104.7904,-522477.22
2024-01-19,18,M05,Corrugating Medium,rolls,-522477.22,42053.107200000006,-564530.3271999999
2024-01-20,19,M05,Corrugating Medium,rolls,-564530.3271999999,10676.952,-575207.2792
2024-01-21,20,M05,Corrugating Medium,rolls,-575207.2792,2051.5248,-577258.804
2024-01-22,21,M05,Corrugating Medium,rolls,-577258.804,11244.2616,-588503.0656
2024-01-23,22,M05,Corrugating Medium,rolls,-588503.0656,9938.214,-598441.2796
2024-01-24,23,M05,Corrugating Medium,rolls,-598441.2796,10889.5176,-609330.7972
2024-01-25,24,M05,Corrugating Medium,rolls,-609330.7972,34158.9144,-643489.7116
2024-01-26,25,M05,Corrugating Medium,rolls,-643489.7116,9036.2844,-652525.996
2024-01-27,26,M05,Corrugating Medium,rolls,-652525.996,14386.0704,-666912.0664
2024-01-28,27,M05,Corrugating Medium,rolls,-666912.0664,17260.0428,-684172.1092000001
2024-01-29,28,M05,Corrugating Medium,rolls,-684172.1092000001,49759.0392,-733931.1484000001
2024-01-30,29,M05,Corrugating Medium,rolls,-733931.1484000001,15096.743999999999,-749027.8924
2024-01-31,30,M05,Corrugating Medium,rolls,-749027.8924,0.0,-749027.8924
2024-02-01,31,M05,Corrugating Medium,rolls,-749027.8924,33255.472,-782283.3644
2024-02-02,32,M05,Corrugating Medium,rolls,-782283.3644,0.0,-782283.3644
2024-02-03,33,M05,Corrugating Medium,rolls,-782283.3644,2676.0,-784959.3644
2024-02-04,34,M05,Corrugating Medium,rolls,-784959.3644,0.0,-784959.3644
2024-02-05,35,M05,Corrugating Medium,rolls,-784959.3644,0.0,-784959.3644
2024-02-06,36,M05,Corrugating Medium,rolls,-784959.3644,41235.2,-826194.5643999999
2024-02-07,37,M05,Corrugating Medium,rolls,-826194.5643999999,8340.576,-834535.1403999999
2024-02-08,38,M05,Corrugating Medium,rolls,-834535.1403999999,0.0,-834535.1403999999
2024-02-09,39,M05,Corrugating Medium,rolls,-834535.1403999999,0.0,-834535.1403999999
2024-02-10,40,M05,Corrugating Medium,rolls,-834535.1403999999,0.0,-834535.1403999999
2024-02-11,41,M05,Corrugating Medium,rolls,-834535.1403999999,3408.5760000000005,-837943.7163999999
2024-02-12,42,M05,Corrugating Medium,rolls,-837943.7163999999,8280.960000000001,-846224.6763999999
2024-01-02,1,M06,Adhesive WF-200 (Water-based),kg,1840.0,2191.2711600000002,-351.27116000000024
2024-01-03,2,M06,Adhesive WF-200 (Water-based),kg,-351.27116000000024,2446.9848,-2798.2559600000004
2024-01-04,3,M06,Adhesive WF-200 (Water-based),kg,-2798.2559600000004,751.4442,-3549.7001600000003
2024-01-05,4,M06,Adhesive WF-200 (Water-based),kg,-3549.7001600000003,502.70688,-4052.4070400000005
2024-01-06,5,M06,Adhesive WF-200 (Water-based),kg,-4052.4070400000005,1935.0926400000003,-5987.499680000001
2024-01-07,6,M06,Adhesive WF-200 (Water-based),kg,-5987.499680000001,0.0,-5987.499680000001
2024-01-08,7,M06,Adhesive WF-200 (Water-based),kg,-5987.499680000001,1597.20444,-7584.70412
2024-01-09,8,M06,Adhesive WF-200 (Water-based),kg,-7584.70412,1960.1727600000004,-9544.87688
2024-01-10,9,M06,Adhesive WF-200 (Water-based),kg,-9544.87688,1677.1450799999998,-11222.02196
2024-01-11,10,M06,Adhesive WF-200 (Water-based),kg,-11222.02196,1397.3232,-12619.34516
2024-01-12,11,M06,Adhesive WF-200 (Water-based),kg,-12619.34516,3088.4006400000003,-15707.7458
2024-01-13,12,M06,Adhesive WF-200 (Water-based),kg,-15707.7458,1117.21896,-16824.96476
2024-01-14,13,M06,Adhesive WF-200 (Water-based),kg,-16824.96476,0.0,-16824.96476
2024-01-15,14,M06,Adhesive WF-200 (Water-based),kg,-16824.96476,0.0,-16824.96476
2024-01-16,15,M06,Adhesive WF-200 (Water-based),kg,-16824.96476,2586.1758,-19411.14056
2024-01-17,16,M06,Adhesive WF-200 (Water-based),kg,-19411.14056,315.9936,-19727.13416
2024-01-18,17,M06,Adhesive WF-200 (Water-based),kg,-19727.13416,1645.3819200000003,-21372.51608
2024-01-19,18,M06,Adhesive WF-200 (Water-based),kg,-21372.51608,1795.4804399999998,-23167.99652
2024-01-20,19,M06,Adhesive WF-200 (Water-based),kg,-23167.99652,711.7968000000001,-23879.79332
2024-01-21,20,M06,Adhesive WF-200 (Water-based),kg,-23879.79332,136.76832,-24016.56164
2024-01-22,21,M06,Adhesive WF-200 (Water-based),kg,-24016.56164,715.5439200000001,-24732.10556
2024-01-23,22,M06,Adhesive WF-200 (Water-based),kg,-24732.10556,632.4318000000001,-25364.53736
2024-01-24,23,M06,Adhesive WF-200 (Water-based),kg,-25364.53736,725.96784,-26090.5052
2024-01-25,24,M06,Adhesive WF-200 (Water-based),kg,-26090.5052,171.90887999999998,-26262.41408
2024-01-26,25,M06,Adhesive WF-200 (Water-based),kg,-26262.41408,589.1137200000001,-26851.5278
2024-01-27,26,M06,Adhesive WF-200 (Water-based),kg,-26851.5278,0.0,-26851.5278
2024-01-28,27,M06,Adhesive WF-200 (Water-based),kg,-26851.5278,1098.36636,-27949.89416
2024-01-29,28,M06,Adhesive WF-200 (Water-based),kg,-27949.89416,1210.87824,-29160.7724
2024-01-30,29,M06,Adhesive WF-200 (Water-based),kg,-29160.7724,1006.4496000000001,-30167.222
2024-01-31,30,M06,Adhesive WF-200 (Water-based),kg,-30167.222,0.0,-30167.222
2024-02-01,31,M06,Adhesive WF-200 (Water-based),kg,-30167.222,0.0,-30167.222
2024-02-02,32,M06,Adhesive WF-200 (Water-based),kg,-30167.222,0.0,-30167.222
2024-02-03,33,M06,Adhesive WF-200 (Water-based),kg,-30167.222,178.4,-30345.622000000003
2024-02-04,34,M06,Adhesive WF-200 (Water-based),kg,-30345.622000000003,0.0,-30345.622000000003
2024-02-05,35,M06,Adhesive WF-200 (Water-based),kg,-30345.622000000003,0.0,-30345.622000000003
2024-02-06,36,M06,Adhesive WF-200 (Water-based),kg,-30345.622000000003,2586.3776000000003,-32931.9996
2024-02-07,37,M06,Adhesive WF-200 (Water-based),kg,-32931.9996,556.0384,-33488.038
2024-02-08,38,M06,Adhesive WF-200 (Water-based),kg,-33488.038,0.0,-33488.038
2024-02-09,39,M06,Adhesive WF-200 (Water-based),kg,-33488.038,0.0,-33488.038
2024-02-10,40,M06,Adhesive WF-200 (Water-based),kg,-33488.038,0.0,-33488.038
2024-02-11,41,M06,Adhesive WF-200 (Water-based),kg,-33488.038,227.2384,-33715.2764
2024-02-12,42,M06,Adhesive WF-200 (Water-based),kg,-33715.2764,479.424,-34194.7004
2024-01-02,1,M07,Adhesive PF-100 (Premium),kg,620.0,2002.62348,-1382.62348
2024-01-03,2,M07,Adhesive PF-100 (Premium),kg,-1382.62348,0.0,-1382.62348
2024-01-04,3,M07,Adhesive PF-100 (Premium),kg,-1382.62348,1656.8838,-3039.50728
2024-01-05,4,M07,Adhesive PF-100 (Premium),kg,-3039.50728,0.0,-3039.50728
2024-01-06,5,M07,Adhesive PF-100 (Premium),kg,-3039.50728,355.31496,-3394.82224
2024-01-07,6,M07,Adhesive PF-100 (Premium),kg,-3394.82224,0.0,-3394.82224
2024-01-08,7,M07,Adhesive PF-100 (Premium),kg,-3394.82224,0.0,-3394.82224
2024-01-09,8,M07,Adhesive PF-100 (Premium),kg,-3394.82224,1507.28292,-4902.10516
2024-01-10,9,M07,Adhesive PF-100 (Premium),kg,-4902.10516,0.0,-4902.10516
2024-01-11,10,M07,Adhesive PF-100 (Premium),kg,-4902.10516,0.0,-4902.10516
2024-01-12,11,M07,Adhesive PF-100 (Premium),kg,-4902.10516,0.0,-4902.10516
2024-01-13,12,M07,Adhesive PF-100 (Premium),kg,-4902.10516,0.0,-4902.10516
2024-01-14,13,M07,Adhesive PF-100 (Premium),kg,-4902.10516,0.0,-4902.10516
2024-01-15,14,M07,Adhesive PF-100 (Premium),kg,-4902.10516,1874.0607599999998,-6776.1659199999995
2024-01-16,15,M07,Adhesive PF-100 (Premium),kg,-6776.1659199999995,1004.7866399999999,-7780.95256
2024-01-17,16,M07,Adhesive PF-100 (Premium),kg,-7780.95256,0.0,-7780.95256
2024-01-18,17,M07,Adhesive PF-100 (Premium),kg,-7780.95256,0.0,-7780.95256
2024-01-19,18,M07,Adhesive PF-100 (Premium),kg,-7780.95256,707.9358,-8488.888359999999
2024-01-20,19,M07,Adhesive PF-100 (Premium),kg,-8488.888359999999,0.0,-8488.888359999999
2024-01-21,20,M07,Adhesive PF-100 (Premium),kg,-8488.888359999999,0.0,-8488.888359999999
2024-01-22,21,M07,Adhesive PF-100 (Premium),kg,-8488.888359999999,0.0,-8488.888359999999
2024-01-23,22,M07,Adhesive PF-100 (Premium),kg,-8488.888359999999,0.0,-8488.888359999999
2024-01-24,23,M07,Adhesive PF-100 (Premium),kg,-8488.888359999999,0.0,-8488.888359999999
2024-01-25,24,M07,Adhesive PF-100 (Premium),kg,-8488.888359999999,1805.7124800000001,-10294.60084
2024-01-26,25,M07,Adhesive PF-100 (Premium),kg,-10294.60084,0.0,-10294.60084
2024-01-27,26,M07,Adhesive PF-100 (Premium),kg,-10294.60084,832.87776,-11127.478599999999
2024-01-28,27,M07,Adhesive PF-100 (Premium),kg,-11127.478599999999,0.0,-11127.478599999999
2024-01-29,28,M07,Adhesive PF-100 (Premium),kg,-11127.478599999999,1669.90824,-12797.38684
2024-01-30,29,M07,Adhesive PF-100 (Premium),kg,-12797.38684,0.0,-12797.38684
2024-01-31,30,M07,Adhesive PF-100 (Premium),kg,-12797.38684,0.0,-12797.38684
2024-02-01,31,M07,Adhesive PF-100 (Premium),kg,-12797.38684,1925.3167999999998,-14722.70364
2024-02-02,32,M07,Adhesive PF-100 (Premium),kg,-14722.70364,0.0,-14722.70364
2024-02-03,33,M07,Adhesive PF-100 (Premium),kg,-14722.70364,0.0,-14722.70364
2024-02-04,34,M07,Adhesive PF-100 (Premium),kg,-14722.70364,0.0,-14722.70364
2024-02-05,35,M07,Adhesive PF-100 (Premium),kg,-14722.70364,0.0,-14722.70364
2024-02-06,36,M07,Adhesive PF-100 (Premium),kg,-14722.70364,0.0,-14722.70364
2024-02-07,37,M07,Adhesive PF-100 (Premium),kg,-14722.70364,0.0,-14722.70364
2024-02-08,38,M07,Adhesive PF-100 (Premium),kg,-14722.70364,0.0,-14722.70364
2024-02-09,39,M07,Adhesive PF-100 (Premium),kg,-14722.70364,0.0,-14722.70364
2024-02-10,40,M07,Adhesive PF-100 (Premium),kg,-14722.70364,0.0,-14722.70364
2024-02-11,41,M07,Adhesive PF-100 (Premium),kg,-14722.70364,0.0,-14722.70364
2024-02-12,42,M07,Adhesive PF-100 (Premium),kg,-14722.70364,0.0,-14722.70364
2024-01-02,1,M08,Starch Adhesive Powder,kg,920.0,3958.8627,-3038.8627
2024-01-03,2,M08,Starch Adhesive Powder,kg,-3038.8627,2733.4944,-5772.3571
2024-01-04,3,M08,Starch Adhesive Powder,kg,-5772.3571,0.0,-5772.3571
2024-01-05,4,M08,Starch Adhesive Powder,kg,-5772.3571,0.0,-5772.3571
2024-01-06,5,M08,Starch Adhesive Powder,kg,-5772.3571,1771.3488,-7543.7059
2024-01-07,6,M08,Starch Adhesive Powder,kg,-7543.7059,0.0,-7543.7059
2024-01-08,7,M08,Starch Adhesive Powder,kg,-7543.7059,2900.9136,-10444.6195
2024-01-09,8,M08,Starch Adhesive Powder,kg,-10444.6195,1296.8592,-11741.478700000001
2024-01-10,9,M08,Starch Adhesive Powder,kg,-11741.478700000001,2537.7534,-14279.232100000001
2024-01-11,10,M08,Starch Adhesive Powder,kg,-14279.232100000001,1408.5942000000002,-15687.8263
2024-01-12,11,M08,Starch Adhesive Powder,kg,-15687.8263,1093.7394000000002,-16781.5657
2024-01-13,12,M08,Starch Adhesive Powder,kg,-16781.5657,2031.3072000000002,-18812.8729
2024-01-14,13,M08,Starch Adhesive Powder,kg,-18812.8729,0.0,-18812.8729
2024-01-15,14,M08,Starch Adhesive Powder,kg,-18812.8729,0.0,-18812.8729
2024-01-16,15,M08,Starch Adhesive Powder,kg,-18812.8729,3057.9432,-21870.8161
2024-01-17,16,M08,Starch Adhesive Powder,kg,-21870.8161,0.0,-21870.8161
2024-01-18,17,M08,Starch Adhesive Powder,kg,-21870.8161,937.9461,-22808.7622
2024-01-19,18,M08,Starch Adhesive Powder,kg,-22808.7622,3249.6204000000002,-26058.3826
2024-01-20,19,M08,Starch Adhesive Powder,kg,-26058.3826,276.09659999999997,-26334.4792
2024-01-21,20,M08,Starch Adhesive Powder,kg,-26334.4792,256.4406,-26590.919800000003
2024-01-22,21,M08,Starch Adhesive Powder,kg,-26590.919800000003,557.2320000000001,-27148.151800000003
2024-01-23,22,M08,Starch Adhesive Powder,kg,-27148.151800000003,1129.3425,-28277.494300000002
2024-01-24,23,M08,Starch Adhesive Powder,kg,-28277.494300000002,138.17700000000002,-28415.6713
2024-01-25,24,M08,Starch Adhesive Powder,kg,-28415.6713,312.56160000000006,-28728.232900000003
2024-01-26,25,M08,Starch Adhesive Powder,kg,-28728.232900000003,0.0,-28728.232900000003
2024-01-27,26,M08,Starch Adhesive Powder,kg,-28728.232900000003,0.0,-28728.232900000003
2024-01-28,27,M08,Starch Adhesive Powder,kg,-28728.232900000003,0.0,-28728.232900000003
2024-01-29,28,M08,Starch Adhesive Powder,kg,-28728.232900000003,2201.5968000000003,-30929.829700000002
2024-01-30,29,M08,Starch Adhesive Powder,kg,-30929.829700000002,1887.0929999999998,-32816.9227
2024-01-31,30,M08,Starch Adhesive Powder,kg,-32816.9227,0.0,-32816.9227
2024-02-01,31,M08,Starch Adhesive Powder,kg,-32816.9227,0.0,-32816.9227
2024-02-02,32,M08,Starch Adhesive Powder,kg,-32816.9227,0.0,-32816.9227
2024-02-03,33,M08,Starch Adhesive Powder,kg,-32816.9227,334.5,-33151.4227
2024-02-04,34,M08,Starch Adhesive Powder,kg,-33151.4227,0.0,-33151.4227
2024-02-05,35,M08,Starch Adhesive Powder,kg,-33151.4227,0.0,-33151.4227
2024-02-06,36,M08,Starch Adhesive Powder,kg,-33151.4227,3925.492,-37076.9147
2024-02-07,37,M08,Starch Adhesive Powder,kg,-37076.9147,1042.572,-38119.4867
2024-02-08,38,M08,Starch Adhesive Powder,kg,-38119.4867,0.0,-38119.4867
2024-02-09,39,M08,Starch Adhesive Powder,kg,-38119.4867,0.0,-38119.4867
2024-02-10,40,M08,Starch Adhesive Powder,kg,-38119.4867,0.0,-38119.4867
2024-02-11,41,M08,Starch Adhesive Powder,kg,-38119.4867,426.07200000000006,-38545.5587
2024-02-12,42,M08,Starch Adhesive Powder,kg,-38545.5587,871.68,-39417.2387
2024-01-02,1,M09,Ink - Cyan,kg,480.0,728.22672,-248.22672
2024-01-03,2,M09,Ink - Cyan,kg,-248.22672,353.83608000000004,-602.0628
2024-01-04,3,M09,Ink - Cyan,kg,-602.0628,897.9094800000001,-1499.9722800000002
2024-01-05,4,M09,Ink - Cyan,kg,-1499.9722800000002,188.51508,-1688.48736
2024-01-06,5,M09,Ink - Cyan,kg,-1688.48736,540.99864,-2229.486
2024-01-07,6,M09,Ink - Cyan,kg,-2229.486,0.0,-2229.486
2024-01-08,7,M09,Ink - Cyan,kg,-2229.486,0.0,-2229.486
2024-01-09,8,M09,Ink - Cyan,kg,-2229.486,1082.48868,-3311.97468
2024-01-10,9,M09,Ink - Cyan,kg,-3311.97468,123.72516000000002,-3435.6998399999998
2024-01-11,10,M09,Ink - Cyan,kg,-3435.6998399999998,233.59518,-3669.2950199999996
2024-01-12,11,M09,Ink - Cyan,kg,-3669.2950199999996,1041.23448,-4710.5295
2024-01-13,12,M09,Ink - Cyan,kg,-4710.5295,0.0,-4710.5295
2024-01-14,13,M09,Ink - Cyan,kg,-4710.5295,0.0,-4710.5295
2024-01-15,14,M09,Ink - Cyan,kg,-4710.5295,681.47664,-5392.0061399999995
2024-01-16,15,M09,Ink - Cyan,kg,-5392.0061399999995,752.93712,-6144.94326
2024-01-17,16,M09,Ink - Cyan,kg,-6144.94326,118.49760000000002,-6263.44086
2024-01-18,17,M09,Ink - Cyan,kg,-6263.44086,481.30056,-6744.741419999999
2024-01-19,18,M09,Ink - Cyan,kg,-6744.741419999999,257.43120000000005,-7002.172619999999
2024-01-20,19,M09,Ink - Cyan,kg,-7002.172619999999,211.70448000000002,-7213.8771
2024-01-21,20,M09,Ink - Cyan,kg,-7213.8771,0.0,-7213.8771
2024-01-22,21,M09,Ink - Cyan,kg,-7213.8771,172.92600000000002,-7386.8031
2024-01-23,22,M09,Ink - Cyan,kg,-7386.8031,0.0,-7386.8031
2024-01-24,23,M09,Ink - Cyan,kg,-7386.8031,244.60254000000003,-7631.40564
2024-01-25,24,M09,Ink - Cyan,kg,-7631.40564,656.6227200000001,-8288.02836
2024-01-26,25,M09,Ink - Cyan,kg,-8288.02836,235.88604,-8523.9144
2024-01-27,26,M09,Ink - Cyan,kg,-8523.9144,302.86464,-8826.77904
2024-01-28,27,M09,Ink - Cyan,kg,-8826.77904,470.72844000000003,-9297.50748
2024-01-29,28,M09,Ink - Cyan,kg,-9297.50748,607.23936,-9904.74684
2024-01-30,29,M09,Ink - Cyan,kg,-9904.74684,0.0,-9904.74684
2024-01-31,30,M09,Ink - Cyan,kg,-9904.74684,0.0,-9904.74684
2024-02-01,31,M09,Ink - Cyan,kg,-9904.74684,700.1152000000001,-10604.86204
2024-02-02,32,M09,Ink - Cyan,kg,-10604.86204,0.0,-10604.86204
2024-02-03,33,M09,Ink - Cyan,kg,-10604.86204,0.0,-10604.86204
2024-02-04,34,M09,Ink - Cyan,kg,-10604.86204,0.0,-10604.86204
2024-02-05,35,M09,Ink - Cyan,kg,-10604.86204,0.0,-10604.86204
2024-02-06,36,M09,Ink - Cyan,kg,-10604.86204,149.3736,-10754.23564
2024-02-07,37,M09,Ink - Cyan,kg,-10754.23564,0.0,-10754.23564
2024-02-08,38,M09,Ink - Cyan,kg,-10754.23564,0.0,-10754.23564
2024-02-09,39,M09,Ink - Cyan,kg,-10754.23564,0.0,-10754.23564
2024-02-10,40,M09,Ink - Cyan,kg,-10754.23564,0.0,-10754.23564
2024-02-11,41,M09,Ink - Cyan,kg,-10754.23564,0.0,-10754.23564
2024-02-12,42,M09,Ink - Cyan,kg,-10754.23564,0.0,-10754.23564
2024-01-02,1,M10,Ink - Magenta,kg,510.0,728.22672,-218.22672
2024-01-03,2,M10,Ink - Magenta,kg,-218.22672,353.83608000000004,-572.0628
2024-01-04,3,M10,Ink - Magenta,kg,-572.0628,897.9094800000001,-1469.9722800000002
2024-01-05,4,M10,Ink - Magenta,kg,-1469.9722800000002,188.51508,-1658.48736
2024-01-06,5,M10,Ink - Magenta,kg,-1658.48736,540.99864,-2199.486
2024-01-07,6,M10,Ink - Magenta,kg,-2199.486,0.0,-2199.486
2024-01-08,7,M10,Ink - Magenta,kg,-2199.486,0.0,-2199.486
2024-01-09,8,M10,Ink - Magenta,kg,-2199.486,1082.48868,-3281.97468
2024-01-10,9,M10,Ink - Magenta,kg,-3281.97468,123.72516000000002,-3405.6998399999998
2024-01-11,10,M10,Ink - Magenta,kg,-3405.6998399999998,233.59518,-3639.2950199999996
2024-01-12,11,M10,Ink - Magenta,kg,-3639.2950199999996,1041.23448,-4680.5295
2024-01-13,12,M10,Ink - Magenta,kg,-4680.5295,0.0,-4680.5295
2024-01-14,13,M10,Ink - Magenta,kg,-4680.5295,0.0,-4680.5295
2024-01-15,14,M10,Ink - Magenta,kg,-4680.5295,681.47664,-5362.0061399999995
2024-01-16,15,M10,Ink - Magenta,kg,-5362.0061399999995,752.93712,-6114.94326
2024-01-17,16,M10,Ink - Magenta,kg,-6114.94326,118.49760000000002,-6233.44086
2024-01-18,17,M10,Ink - Magenta,kg,-6233.44086,481.30056,-6714.741419999999
2024-01-19,18,M10,Ink - Magenta,kg,-6714.741419999999,257.43120000000005,-6972.172619999999
2024-01-20,19,M10,Ink - Magenta,kg,-6972.172619999999,211.70448000000002,-7183.8771
2024-01-21,20,M10,Ink - Magenta,kg,-7183.8771,0.0,-7183.8771
2024-01-22,21,M10,Ink - Magenta,kg,-7183.8771,172.92600000000002,-7356.8031
2024-01-23,22,M10,Ink - Magenta,kg,-7356.8031,0.0,-7356.8031
2024-01-24,23,M10,Ink - Magenta,kg,-7356.8031,244.60254000000003,-7601.40564
2024-01-25,24,M10,Ink - Magenta,kg,-7601.40564,656.6227200000001,-8258.02836
2024-01-26,25,M10,Ink - Magenta,kg,-8258.02836,235.88604,-8493.9144
2024-01-27,26,M10,Ink - Magenta,kg,-8493.9144,302.86464,-8796.77904
2024-01-28,27,M10,Ink - Magenta,kg,-8796.77904,470.72844000000003,-9267.50748
2024-01-29,28,M10,Ink - Magenta,kg,-9267.50748,607.23936,-9874.74684
2024-01-30,29,M10,Ink - Magenta,kg,-9874.74684,0.0,-9874.74684
2024-01-31,30,M10,Ink - Magenta,kg,-9874.74684,0.0,-9874.74684
2024-02-01,31,M10,Ink - Magenta,kg,-9874.74684,700.1152000000001,-10574.86204
2024-02-02,32,M10,Ink - Magenta,kg,-10574.86204,0.0,-10574.86204
2024-02-03,33,M10,Ink - Magenta,kg,-10574.86204,0.0,-10574.86204
2024-02-04,34,M10,Ink - Magenta,kg,-10574.86204,0.0,-10574.86204
2024-02-05,35,M10,Ink - Magenta,kg,-10574.86204,0.0,-10574.86204
2024-02-06,36,M10,Ink - Magenta,kg,-10574.86204,149.3736,-10724.23564
2024-02-07,37,M10,Ink - Magenta,kg,-10724.23564,0.0,-10724.23564
2024-02-08,38,M10,Ink - Magenta,kg,-10724.23564,0.0,-10724.23564
2024-02-09,39,M10,Ink - Magenta,kg,-10724.23564,0.0,-10724.23564
2024-02-10,40,M10,Ink - Magenta,kg,-10724.23564,0.0,-10724.23564
2024-02-11,41,M10,Ink - Magenta,kg,-10724.23564,0.0,-10724.23564
2024-02-12,42,M10,Ink - Magenta,kg,-10724.23564,0.0,-10724.23564
2024-01-02,1,M11,Ink - Black,kg,390.0,487.90950000000004,-97.90950000000004
2024-01-03,2,M11,Ink - Black,kg,-97.90950000000004,577.57752,-675.48702
2024-01-04,3,M11,Ink - Black,kg,-675.48702,178.78458,-854.2716
2024-01-05,4,M11,Ink - Black,kg,-854.2716,125.67672,-979.9483200000001
2024-01-06,5,M11,Ink - Black,kg,-979.9483200000001,427.3152,-1407.26352
2024-01-07,6,M11,Ink - Black,kg,-1407.26352,0.0,-1407.26352
2024-01-08,7,M11,Ink - Black,kg,-1407.26352,361.76322,-1769.02674
2024-01-09,8,M11,Ink - Black,kg,-1769.02674,429.3003,-2198.32704
2024-01-10,9,M11,Ink - Black,kg,-2198.32704,382.73742000000004,-2581.06446
2024-01-11,10,M11,Ink - Black,kg,-2581.06446,331.96644000000003,-2913.0309
2024-01-12,11,M11,Ink - Black,kg,-2913.0309,704.21208,-3617.24298
2024-01-13,12,M11,Ink - Black,kg,-3617.24298,253.91340000000002,-3871.15638
2024-01-14,13,M11,Ink - Black,kg,-3871.15638,0.0,-3871.15638
2024-01-15,14,M11,Ink - Black,kg,-3871.15638,0.0,-3871.15638
2024-01-16,15,M11,Ink - Black,kg,-3871.15638,576.02298,-4447.17936
2024-01-17,16,M11,Ink - Black,kg,-4447.17936,78.9984,-4526.1777600000005
2024-01-18,17,M11,Ink - Black,kg,-4526.1777600000005,354.65508,-4880.832840000001
2024-01-19,18,M11,Ink - Black,kg,-4880.832840000001,402.10794000000004,-5282.940780000001
2024-01-20,19,M11,Ink - Black,kg,-5282.940780000001,177.94920000000002,-5460.889980000001
2024-01-21,20,M11,Ink - Black,kg,-5460.889980000001,34.19208,-5495.082060000001
2024-01-22,21,M11,Ink - Black,kg,-5495.082060000001,153.33084000000002,-5648.4129
2024-01-23,22,M11,Ink - Black,kg,-5648.4129,135.52110000000002,-5783.934
2024-01-24,23,M11,Ink - Black,kg,-5783.934,181.49196,-5965.4259600000005
2024-01-25,24,M11,Ink - Black,kg,-5965.4259600000005,39.07020000000001,-6004.496160000001
2024-01-26,25,M11,Ink - Black,kg,-6004.496160000001,137.2995,-6141.795660000001
2024-01-27,26,M11,Ink - Black,kg,-6141.795660000001,0.0,-6141.795660000001
2024-01-28,27,M11,Ink - Black,kg,-6141.795660000001,235.36422000000002,-6377.159880000001
2024-01-29,28,M11,Ink - Black,kg,-6377.159880000001,275.19960000000003,-6652.359480000001
2024-01-30,29,M11,Ink - Black,kg,-6652.359480000001,251.61240000000004,-6903.971880000001
2024-01-31,30,M11,Ink - Black,kg,-6903.971880000001,0.0,-6903.971880000001
2024-02-01,31,M11,Ink - Black,kg,-6903.971880000001,0.0,-6903.971880000001
2024-02-02,32,M11,Ink - Black,kg,-6903.971880000001,0.0,-6903.971880000001
2024-02-03,33,M11,Ink - Black,kg,-6903.971880000001,44.6,-6948.571880000001
2024-02-04,34,M11,Ink - Black,kg,-6948.571880000001,0.0,-6948.571880000001
2024-02-05,35,M11,Ink - Black,kg,-6948.571880000001,0.0,-6948.571880000001
2024-02-06,36,M11,Ink - Black,kg,-6948.571880000001,575.7552000000001,-7524.327080000001
2024-02-07,37,M11,Ink - Black,kg,-7524.327080000001,139.0096,-7663.336680000001
2024-02-08,38,M11,Ink - Black,kg,-7663.336680000001,0.0,-7663.336680000001
2024-02-09,39,M11,Ink - Black,kg,-7663.336680000001,0.0,-7663.336680000001
2024-02-10,40,M11,Ink - Black,kg,-7663.336680000001,0.0,-7663.336680000001
2024-02-11,41,M11,Ink - Black,kg,-7663.336680000001,56.8096,-7720.146280000001
2024-02-12,42,M11,Ink - Black,kg,-7720.146280000001,108.96,-7829.106280000001
2024-01-02,1,M12,Specialty Ink - Gold,kg,340.0,364.11336,-24.11336
2024-01-03,2,M12,Specialty Ink - Gold,kg,-24.11336,0.0,-24.11336
2024-01-04,3,M12,Specialty Ink - Gold,kg,-24.11336,301.25160000000005,-325.36496000000005
2024-01-05,4,M12,Specialty Ink - Gold,kg,-325.36496000000005,0.0,-325.36496000000005
2024-01-06,5,M12,Specialty Ink - Gold,kg,-325.36496000000005,64.60272,-389.9676800000001
2024-01-07,6,M12,Specialty Ink - Gold,kg,-389.9676800000001,0.0,-389.9676800000001
2024-01-08,7,M12,Specialty Ink - Gold,kg,-389.9676800000001,0.0,-389.9676800000001
2024-01-09,8,M12,Specialty Ink - Gold,kg,-389.9676800000001,274.05144,-664.0191200000002
2024-01-10,9,M12,Specialty Ink - Gold,kg,-664.0191200000002,0.0,-664.0191200000002
2024-01-11,10,M12,Specialty Ink - Gold,kg,-664.0191200000002,0.0,-664.0191200000002
2024-01-12,11,M12,Specialty Ink - Gold,kg,-664.0191200000002,0.0,-664.0191200000002
2024-01-13,12,M12,Specialty Ink - Gold,kg,-664.0191200000002,0.0,-664.0191200000002
2024-01-14,13,M12,Specialty Ink - Gold,kg,-664.0191200000002,0.0,-664.0191200000002
2024-01-15,14,M12,Specialty Ink - Gold,kg,-664.0191200000002,340.73832,-1004.7574400000001
2024-01-16,15,M12,Specialty Ink - Gold,kg,-1004.7574400000001,182.68848,-1187.4459200000001
2024-01-17,16,M12,Specialty Ink - Gold,kg,-1187.4459200000001,0.0,-1187.4459200000001
2024-01-18,17,M12,Specialty Ink - Gold,kg,-1187.4459200000001,0.0,-1187.4459200000001
2024-01-19,18,M12,Specialty Ink - Gold,kg,-1187.4459200000001,128.71560000000002,-1316.16152
2024-01-20,19,M12,Specialty Ink - Gold,kg,-1316.16152,0.0,-1316.16152
2024-01-21,20,M12,Specialty Ink - Gold,kg,-1316.16152,0.0,-1316.16152
2024-01-22,21,M12,Specialty Ink - Gold,kg,-1316.16152,0.0,-1316.16152
2024-01-23,22,M12,Specialty Ink - Gold,kg,-1316.16152,0.0,-1316.16152
2024-01-24,23,M12,Specialty Ink - Gold,kg,-1316.16152,0.0,-1316.16152
2024-01-25,24,M12,Specialty Ink - Gold,kg,-1316.16152,328.31136000000004,-1644.4728800000003
2024-01-26,25,M12,Specialty Ink - Gold,kg,-1644.4728800000003,0.0,-1644.4728800000003
2024-01-27,26,M12,Specialty Ink - Gold,kg,-1644.4728800000003,151.43232,-1795.9052000000001
2024-01-28,27,M12,Specialty Ink - Gold,kg,-1795.9052000000001,0.0,-1795.9052000000001
2024-01-29,28,M12,Specialty Ink - Gold,kg,-1795.9052000000001,303.61968,-2099.52488
2024-01-30,29,M12,Specialty Ink - Gold,kg,-2099.52488,0.0,-2099.52488
2024-01-31,30,M12,Specialty Ink - Gold,kg,-2099.52488,0.0,-2099.52488
2024-02-01,31,M12,Specialty Ink - Gold,kg,-2099.52488,350.05760000000004,-2449.58248
2024-02-02,32,M12,Specialty Ink - Gold,kg,-2449.58248,0.0,-2449.58248
2024-02-03,33,M12,Specialty Ink - Gold,kg,-2449.58248,0.0,-2449.58248
2024-02-04,34,M12,Specialty Ink - Gold,kg,-2449.58248,0.0,-2449.58248
2024-02-05,35,M12,Specialty Ink - Gold,kg,-2449.58248,0.0,-2449.58248
2024-02-06,36,M12,Specialty Ink - Gold,kg,-2449.58248,0.0,-2449.58248
2024-02-07,37,M12,Specialty Ink - Gold,kg,-2449.58248,0.0,-2449.58248
2024-02-08,38,M12,Specialty Ink - Gold,kg,-2449.58248,0.0,-2449.58248
2024-02-09,39,M12,Specialty Ink - Gold,kg,-2449.58248,0.0,-2449.58248
2024-02-10,40,M12,Specialty Ink - Gold,kg,-2449.58248,0.0,-2449.58248
2024-02-11,41,M12,Specialty Ink - Gold,kg,-2449.58248,0.0,-2449.58248
2024-02-12,42,M12,Specialty Ink - Gold,kg,-2449.58248,0.0,-2449.58248
2024-01-02,1,M13,PP Strapping Band 12mm,rolls,85.0,4446.936,-4361.936
2024-01-03,2,M13,PP Strapping Band 12mm,rolls,-4361.936,5897.268,-10259.204
2024-01-04,3,M13,PP Strapping Band 12mm,rolls,-10259.204,4560.3792,-14819.583200000001
2024-01-05,4,M13,PP Strapping Band 12mm,rolls,-14819.583200000001,3141.9180000000006,-17961.501200000002
2024-01-06,5,M13,PP Strapping Band 12mm,rolls,-17961.501200000002,5490.576,-23452.077200000003
2024-01-07,6,M13,PP Strapping Band 12mm,rolls,-23452.077200000003,0.0,-23452.077200000003
2024-01-08,7,M13,PP Strapping Band 12mm,rolls,-23452.077200000003,544.6272,-23996.704400000002
2024-01-09,8,M13,PP Strapping Band 12mm,rolls,-23996.704400000002,7125.144000000001,-31121.848400000003
2024-01-10,9,M13,PP Strapping Band 12mm,rolls,-31121.848400000003,3111.9348,-34233.783200000005
2024-01-11,10,M13,PP Strapping Band 12mm,rolls,-34233.783200000005,8472.804600000001,-42706.58780000001
2024-01-12,11,M13,PP Strapping Band 12mm,rolls,-42706.58780000001,18284.182800000002,-60990.77060000001
2024-01-13,12,M13,PP Strapping Band 12mm,rolls,-60990.77060000001,0.0,-60990.77060000001
2024-01-14,13,M13,PP Strapping Band 12mm,rolls,-60990.77060000001,0.0,-60990.77060000001
2024-01-15,14,M13,PP Strapping Band 12mm,rolls,-60990.77060000001,0.0,-60990.77060000001
2024-01-16,15,M13,PP Strapping Band 12mm,rolls,-60990.77060000001,5167.468800000001,-66158.2394
2024-01-17,16,M13,PP Strapping Band 12mm,rolls,-66158.2394,1974.96,-68133.19940000001
2024-01-18,17,M13,PP Strapping Band 12mm,rolls,-68133.19940000001,8489.956800000002,-76623.15620000001
2024-01-19,18,M13,PP Strapping Band 12mm,rolls,-76623.15620000001,4157.875800000001,-80781.032
2024-01-20,19,M13,PP Strapping Band 12mm,rolls,-80781.032,4448.7300000000005,-85229.762
2024-01-21,20,M13,PP Strapping Band 12mm,rolls,-85229.762,854.8020000000001,-86084.564
2024-01-22,21,M13,PP Strapping Band 12mm,rolls,-86084.564,4088.8224,-90173.3864
2024-01-23,22,M13,PP Strapping Band 12mm,rolls,-90173.3864,3613.896,-93787.2824
2024-01-24,23,M13,PP Strapping Band 12mm,rolls,-93787.2824,4537.299,-98324.5814
2024-01-25,24,M13,PP Strapping Band 12mm,rolls,-98324.5814,0.0,-98324.5814
2024-01-26,25,M13,PP Strapping Band 12mm,rolls,-98324.5814,3532.2768000000005,-101856.8582
2024-01-27,26,M13,PP Strapping Band 12mm,rolls,-101856.8582,0.0,-101856.8582
2024-01-28,27,M13,PP Strapping Band 12mm,rolls,-101856.8582,6276.3792,-108133.2374
2024-01-29,28,M13,PP Strapping Band 12mm,rolls,-108133.2374,0.0,-108133.2374
2024-01-30,29,M13,PP Strapping Band 12mm,rolls,-108133.2374,6290.31,-114423.5474
2024-01-31,30,M13,PP Strapping Band 12mm,rolls,-114423.5474,0.0,-114423.5474
2024-02-01,31,M13,PP Strapping Band 12mm,rolls,-114423.5474,0.0,-114423.5474
2024-02-02,32,M13,PP Strapping Band 12mm,rolls,-114423.5474,0.0,-114423.5474
2024-02-03,33,M13,PP Strapping Band 12mm,rolls,-114423.5474,1115.0000000000002,-115538.5474
2024-02-04,34,M13,PP Strapping Band 12mm,rolls,-115538.5474,0.0,-115538.5474
2024-02-05,35,M13,PP Strapping Band 12mm,rolls,-115538.5474,0.0,-115538.5474
2024-02-06,36,M13,PP Strapping Band 12mm,rolls,-115538.5474,11778.328000000001,-127316.87539999999
2024-02-07,37,M13,PP Strapping Band 12mm,rolls,-127316.87539999999,3475.2400000000002,-130792.1154
2024-02-08,38,M13,PP Strapping Band 12mm,rolls,-130792.1154,0.0,-130792.1154
2024-02-09,39,M13,PP Strapping Band 12mm,rolls,-130792.1154,0.0,-130792.1154
2024-02-10,40,M13,PP Strapping Band 12mm,rolls,-130792.1154,0.0,-130792.1154
2024-02-11,41,M13,PP Strapping Band 12mm,rolls,-130792.1154,1420.2400000000002,-132212.3554
2024-02-12,42,M13,PP Strapping Band 12mm,rolls,-132212.3554,0.0,-132212.3554
2024-01-02,1,M14,PP Strapping Band 16mm,rolls,70.0,18630.9864,-18560.9864
2024-01-03,2,M14,PP Strapping Band 16mm,rolls,-18560.9864,8200.4832,-26761.469600000004
2024-01-04,3,M14,PP Strapping Band 16mm,rolls,-26761.469600000004,9037.548,-35799.01760000001
2024-01-05,4,M14,PP Strapping Band 16mm,rolls,-35799.01760000001,0.0,-35799.01760000001
2024-01-06,5,M14,PP Strapping Band 16mm,rolls,-35799.01760000001,7252.128000000001,-43051.1456
2024-01-07,6,M14,PP Strapping Band 16mm,rolls,-43051.1456,0.0,-43051.1456
2024-01-08,7,M14,PP Strapping Band 16mm,rolls,-43051.1456,8192.1528,-51243.2984
2024-01-09,8,M14,PP Strapping Band 16mm,rolls,-51243.2984,12112.1208,-63355.419200000004
2024-01-10,9,M14,PP Strapping Band 16mm,rolls,-63355.419200000004,6297.2208,-69652.64
2024-01-11,10,M14,PP Strapping Band 16mm,rolls,-69652.64,0.0,-69652.64
2024-01-12,11,M14,PP Strapping Band 16mm,rolls,-69652.64,0.0,-69652.64
2024-01-13,12,M14,PP Strapping Band 16mm,rolls,-69652.64,6093.9216,-75746.5616
2024-01-14,13,M14,PP Strapping Band 16mm,rolls,-75746.5616,0.0,-75746.5616
2024-01-15,14,M14,PP Strapping Band 16mm,rolls,-75746.5616,10222.1496,-85968.7112
2024-01-16,15,M14,PP Strapping Band 16mm,rolls,-85968.7112,14654.484,-100623.1952
2024-01-17,16,M14,PP Strapping Band 16mm,rolls,-100623.1952,0.0,-100623.1952
2024-01-18,17,M14,PP Strapping Band 16mm,rolls,-100623.1952,870.7607999999999,-101493.956
2024-01-19,18,M14,PP Strapping Band 16mm,rolls,-101493.956,9734.4936,-111228.4496
2024-01-20,19,M14,PP Strapping Band 16mm,rolls,-111228.4496,0.0,-111228.4496
2024-01-21,20,M14,PP Strapping Band 16mm,rolls,-111228.4496,0.0,-111228.4496
2024-01-22,21,M14,PP Strapping Band 16mm,rolls,-111228.4496,0.0,-111228.4496
2024-01-23,22,M14,PP Strapping Band 16mm,rolls,-111228.4496,0.0,-111228.4496
2024-01-24,23,M14,PP Strapping Band 16mm,rolls,-111228.4496,0.0,-111228.4496
2024-01-25,24,M14,PP Strapping Band 16mm,rolls,-111228.4496,10787.025599999999,-122015.4752
2024-01-26,25,M14,PP Strapping Band 16mm,rolls,-122015.4752,0.0,-122015.4752
2024-01-27,26,M14,PP Strapping Band 16mm,rolls,-122015.4752,4542.9696,-126558.4448
2024-01-28,27,M14,PP Strapping Band 16mm,rolls,-126558.4448,0.0,-126558.4448
2024-01-29,28,M14,PP Strapping Band 16mm,rolls,-126558.4448,15713.3808,-142271.8256
2024-01-30,29,M14,PP Strapping Band 16mm,rolls,-142271.8256,0.0,-142271.8256
2024-01-31,30,M14,PP Strapping Band 16mm,rolls,-142271.8256,0.0,-142271.8256
2024-02-01,31,M14,PP Strapping Band 16mm,rolls,-142271.8256,10501.728000000001,-152773.5536
2024-02-02,32,M14,PP Strapping Band 16mm,rolls,-152773.5536,0.0,-152773.5536
2024-02-03,33,M14,PP Strapping Band 16mm,rolls,-152773.5536,0.0,-152773.5536
2024-02-04,34,M14,PP Strapping Band 16mm,rolls,-152773.5536,0.0,-152773.5536
2024-02-05,35,M14,PP Strapping Band 16mm,rolls,-152773.5536,0.0,-152773.5536
2024-02-06,36,M14,PP Strapping Band 16mm,rolls,-152773.5536,3068.256,-155841.8096
2024-02-07,37,M14,PP Strapping Band 16mm,rolls,-155841.8096,0.0,-155841.8096
2024-02-08,38,M14,PP Strapping Band 16mm,rolls,-155841.8096,0.0,-155841.8096
2024-02-09,39,M14,PP Strapping Band 16mm,rolls,-155841.8096,0.0,-155841.8096
2024-02-10,40,M14,PP Strapping Band 16mm,rolls,-155841.8096,0.0,-155841.8096
2024-02-11,41,M14,PP Strapping Band 16mm,rolls,-155841.8096,0.0,-155841.8096
2024-02-12,42,M14,PP Strapping Band 16mm,rolls,-155841.8096,2615.04,-158456.84960000002
